<?xml version = '1.0' encoding = 'UTF-8'?>
<InheritanceRelation class="oracle.dbtools.crest.model.design.logical.InheritanceRelation" name="Hierarchy_5" directorySegmentName="seg_0" id="0F7C9466-1DD9-3F0D-7829-A7906ED5DFA4">
<createdBy>ic</createdBy>
<createdTime>2024-02-27 07:56:49 UTC</createdTime>
<ownerDesignName>hvs</ownerDesignName>
<engineerTo>
<item key="49106C23-A5B9-8B25-70C5-67B8EBD180CA" value="true"/>
</engineerTo>
<identifying>false</identifying>
<nameOnSource>Super Type</nameOnSource>
<nameOnTarget>Sub Type</nameOnTarget>
<optionalSource>true</optionalSource>
<optionalTarget>true</optionalTarget>
<sourceEntity>3E8D1C87-7669-1E83-A6B5-0C8FAF169DD9</sourceEntity>
<targetEntity>AD58BD11-2222-26D9-C6F5-F99C5A5A3207</targetEntity>
<transferable>true</transferable>
<deleteRule>NO ACTION</deleteRule>
</InheritanceRelation>