<?xml version = '1.0' encoding = 'UTF-8'?>
<InheritanceRelation class="oracle.dbtools.crest.model.design.logical.InheritanceRelation" name="Hierarchy_1" directorySegmentName="seg_0" id="C7ACD518-6205-9F89-0803-B84172ACC89F">
<createdBy>ic</createdBy>
<createdTime>2024-02-27 07:12:55 UTC</createdTime>
<ownerDesignName>hvs</ownerDesignName>
<engineerTo>
<item key="7C68DAC7-5118-C451-A71F-6EDA159133D4" value="true"/>
<item key="8E971615-A5DD-D172-AF00-21E3A2CFA719" value="true"/>
</engineerTo>
<identifying>false</identifying>
<nameOnSource>Super Type</nameOnSource>
<nameOnTarget>Sub Type</nameOnTarget>
<optionalSource>true</optionalSource>
<optionalTarget>true</optionalTarget>
<sourceEntity>F7EE7CAD-1116-211E-51ED-07CC813A4939</sourceEntity>
<targetEntity>FE55E892-B0C5-30FD-C7C2-E1A15662003A</targetEntity>
<transferable>true</transferable>
<deleteRule>NO ACTION</deleteRule>
</InheritanceRelation>