<?xml version = '1.0' encoding = 'UTF-8'?>
<Entity class="oracle.dbtools.crest.model.design.logical.Entity" directorySegmentName="seg_0" id="356F0A25-129E-2F26-BA87-A2EB1D71316B" name="Terminart">
<createdBy>ic</createdBy>
<createdTime>2024-02-27 08:07:55 UTC</createdTime>
<ownerDesignName>hvs</ownerDesignName>
<engineerTo>
<item key="1E8031DA-C1B7-FB95-8A56-310C0A0FDC98" value="true"/>
</engineerTo>
<adequatelyNormalized>NO</adequatelyNormalized>
<expectedVolumes>0</expectedVolumes>
<fwdEngineeringStrategyName>Single Table</fwdEngineeringStrategyName>
<growthPercent>0</growthPercent>
<growthType>Year</growthType>
<maxVolumes>9999999</maxVolumes>
<minVolumes>0</minVolumes>
<normalForm>Third</normalForm>
<attributes itemClass="oracle.dbtools.crest.model.design.logical.Attribute">
<Attribute name="TAID" id="7B1CF2DA-271B-AF71-D868-5D00EBD1ABB9">
<createdBy>ic</createdBy>
<createdTime>2024-02-27 08:07:55 UTC</createdTime>
<ownerDesignName>hvs</ownerDesignName>
<engineerTo>
<item key="1E8031DA-C1B7-FB95-8A56-310C0A0FDC98" value="true"/>
</engineerTo>
<useDomainConstraints>false</useDomainConstraints>
<use>1</use>
<logicalDatatype>LOGDT011</logicalDatatype>
<ownDataTypeParameters>,,</ownDataTypeParameters>
</Attribute>
<Attribute name="Bez" id="B8320FBA-DD53-1078-9711-1F37E05D01FB">
<createdBy>ic</createdBy>
<createdTime>2024-02-27 08:07:55 UTC</createdTime>
<ownerDesignName>hvs</ownerDesignName>
<engineerTo>
<item key="1E8031DA-C1B7-FB95-8A56-310C0A0FDC98" value="true"/>
</engineerTo>
<useDomainConstraints>false</useDomainConstraints>
<use>1</use>
<logicalDatatype>LOGDT024</logicalDatatype>
<dataTypeSize>100</dataTypeSize>
<ownDataTypeParameters>100,,</ownDataTypeParameters>
</Attribute>
</attributes>
<identifiers itemClass="oracle.dbtools.crest.model.design.logical.CandidateKey">
<identifier id="7D6DBB5F-26D9-570C-8CBC-B0ED9B5E16B3" name="Person PK">
<createdBy>ic</createdBy>
<createdTime>2024-02-27 08:07:55 UTC</createdTime>
<ownerDesignName>hvs</ownerDesignName>
<engineerTo>
<item key="1E8031DA-C1B7-FB95-8A56-310C0A0FDC98" value="true"/>
</engineerTo>
<pk>true</pk>
<usedAttributes>
<attributeRef>7B1CF2DA-271B-AF71-D868-5D00EBD1ABB9</attributeRef>
</usedAttributes>
</identifier>
</identifiers>
</Entity>