<?xml version = '1.0' encoding = 'UTF-8'?>
<Entity class="oracle.dbtools.crest.model.design.logical.Entity" directorySegmentName="seg_0" id="3E8D1C87-7669-1E83-A6B5-0C8FAF169DD9" name="Termin">
<createdBy>ic</createdBy>
<createdTime>2024-02-27 07:53:16 UTC</createdTime>
<ownerDesignName>hvs</ownerDesignName>
<engineerTo>
<item key="1E8031DA-C1B7-FB95-8A56-310C0A0FDC98" value="true"/>
</engineerTo>
<adequatelyNormalized>NO</adequatelyNormalized>
<expectedVolumes>0</expectedVolumes>
<fwdEngineeringStrategyName>Single Table</fwdEngineeringStrategyName>
<growthPercent>0</growthPercent>
<growthType>Year</growthType>
<maxVolumes>9999999</maxVolumes>
<minVolumes>0</minVolumes>
<normalForm>Third</normalForm>
<discriminatorAttributeID>4330D448-B518-78CA-32B9-3E07DA08888F</discriminatorAttributeID>
<attributes itemClass="oracle.dbtools.crest.model.design.logical.Attribute">
<Attribute name="TID" id="BA4C7B27-62C3-39D6-F68C-1A908464901C">
<createdBy>ic</createdBy>
<createdTime>2024-02-27 07:53:26 UTC</createdTime>
<ownerDesignName>hvs</ownerDesignName>
<engineerTo>
<item key="1E8031DA-C1B7-FB95-8A56-310C0A0FDC98" value="true"/>
</engineerTo>
<useDomainConstraints>false</useDomainConstraints>
<use>1</use>
<logicalDatatype>LOGDT011</logicalDatatype>
<ownDataTypeParameters>,,</ownDataTypeParameters>
</Attribute>
<Attribute name="TAID" id="4330D448-B518-78CA-32B9-3E07DA08888F">
<createdBy>ic</createdBy>
<createdTime>2024-02-27 08:08:44 UTC</createdTime>
<generatorID>0CC70DC3-6DBE-CE9B-3AAA-8A19CB44FF18</generatorID>
<ownerDesignName>hvs</ownerDesignName>
<engineerTo>
<item key="1E8031DA-C1B7-FB95-8A56-310C0A0FDC98" value="true"/>
</engineerTo>
<referedAttribute>7B1CF2DA-271B-AF71-D868-5D00EBD1ABB9</referedAttribute>
<useDomainConstraints>false</useDomainConstraints>
<use>1</use>
<logicalDatatype>LOGDT011</logicalDatatype>
<ownDataTypeParameters>,,</ownDataTypeParameters>
</Attribute>
</attributes>
<identifiers itemClass="oracle.dbtools.crest.model.design.logical.CandidateKey">
<identifier id="2928D7D3-8DBA-1C5A-A3CD-6DB4C92F48BB" name="Termin PK">
<createdBy>ic</createdBy>
<createdTime>2024-02-27 07:53:38 UTC</createdTime>
<ownerDesignName>hvs</ownerDesignName>
<engineerTo>
<item key="1E8031DA-C1B7-FB95-8A56-310C0A0FDC98" value="true"/>
</engineerTo>
<pk>true</pk>
<usedAttributes>
<attributeRef>BA4C7B27-62C3-39D6-F68C-1A908464901C</attributeRef>
</usedAttributes>
</identifier>
</identifiers>
</Entity>