<?xml version = '1.0' encoding = 'UTF-8'?>
<Entity class="oracle.dbtools.crest.model.design.logical.Entity" directorySegmentName="seg_0" id="9DA26A61-B771-EC9D-223D-9BBA0E22B707" name="Tag">
<createdBy>ic</createdBy>
<createdTime>2024-02-27 07:57:10 UTC</createdTime>
<ownerDesignName>hvs</ownerDesignName>
<engineerTo>
<item key="1E8031DA-C1B7-FB95-8A56-310C0A0FDC98" value="true"/>
</engineerTo>
<adequatelyNormalized>NO</adequatelyNormalized>
<expectedVolumes>0</expectedVolumes>
<fwdEngineeringStrategyName>Single Table</fwdEngineeringStrategyName>
<growthPercent>0</growthPercent>
<growthType>Year</growthType>
<maxVolumes>9999999</maxVolumes>
<minVolumes>0</minVolumes>
<normalForm>Third</normalForm>
<attributes itemClass="oracle.dbtools.crest.model.design.logical.Attribute">
<Attribute name="TID" id="B1E4F893-B751-0F96-64D7-B2BB3E7D5015">
<createdBy>ic</createdBy>
<createdTime>2024-02-27 07:57:19 UTC</createdTime>
<ownerDesignName>hvs</ownerDesignName>
<engineerTo>
<item key="1E8031DA-C1B7-FB95-8A56-310C0A0FDC98" value="true"/>
</engineerTo>
<useDomainConstraints>false</useDomainConstraints>
<use>1</use>
<logicalDatatype>LOGDT011</logicalDatatype>
<ownDataTypeParameters>,,</ownDataTypeParameters>
</Attribute>
<Attribute name="Bez" id="1A3D4427-6EC6-D98E-39C3-FAC29F30909B">
<createdBy>ic</createdBy>
<createdTime>2024-02-27 07:57:28 UTC</createdTime>
<ownerDesignName>hvs</ownerDesignName>
<engineerTo>
<item key="1E8031DA-C1B7-FB95-8A56-310C0A0FDC98" value="true"/>
</engineerTo>
<useDomainConstraints>false</useDomainConstraints>
<use>1</use>
<logicalDatatype>LOGDT024</logicalDatatype>
<dataTypeSize>20</dataTypeSize>
<ownDataTypeParameters>20,,</ownDataTypeParameters>
</Attribute>
</attributes>
<identifiers itemClass="oracle.dbtools.crest.model.design.logical.CandidateKey">
<identifier id="CE49D20F-EC8D-786D-8E97-1FC4D0EFB4EA" name="Tag PK">
<createdBy>ic</createdBy>
<createdTime>2024-02-27 07:57:26 UTC</createdTime>
<ownerDesignName>hvs</ownerDesignName>
<engineerTo>
<item key="1E8031DA-C1B7-FB95-8A56-310C0A0FDC98" value="true"/>
</engineerTo>
<pk>true</pk>
<usedAttributes>
<attributeRef>B1E4F893-B751-0F96-64D7-B2BB3E7D5015</attributeRef>
</usedAttributes>
</identifier>
</identifiers>
</Entity>