<?xml version = '1.0' encoding = 'UTF-8'?>
<Entity class="oracle.dbtools.crest.model.design.logical.Entity" directorySegmentName="seg_0" id="AD142AC5-7225-669B-03B0-D10E1C24AC08" name="Kurs">
<createdBy>ic</createdBy>
<createdTime>2024-02-01 07:13:05 UTC</createdTime>
<ownerDesignName>hvs</ownerDesignName>
<engineerTo>
<item key="7C68DAC7-5118-C451-A71F-6EDA159133D4" value="true"/>
<item key="8E971615-A5DD-D172-AF00-21E3A2CFA719" value="true"/>
</engineerTo>
<adequatelyNormalized>NO</adequatelyNormalized>
<expectedVolumes>0</expectedVolumes>
<fwdEngineeringStrategyName>Single Table</fwdEngineeringStrategyName>
<growthPercent>0</growthPercent>
<growthType>Year</growthType>
<maxVolumes>9999999</maxVolumes>
<minVolumes>0</minVolumes>
<normalForm>Third</normalForm>
<attributes itemClass="oracle.dbtools.crest.model.design.logical.Attribute">
<Attribute name="KID" id="114F5E25-8F80-74C3-07EA-82BD20D189F4">
<createdBy>ic</createdBy>
<createdTime>2024-02-01 07:13:16 UTC</createdTime>
<ownerDesignName>hvs</ownerDesignName>
<engineerTo>
<item key="7C68DAC7-5118-C451-A71F-6EDA159133D4" value="true"/>
<item key="8E971615-A5DD-D172-AF00-21E3A2CFA719" value="true"/>
</engineerTo>
<use>0</use>
<logicalDatatype>LOGDT011</logicalDatatype>
<domain>1ABD8611-D6D5-36BB-E182-2547EEF44B19</domain>
<ownDataTypeParameters>,,</ownDataTypeParameters>
</Attribute>
<Attribute name="MID" id="F5F1B57D-81B5-41B0-776B-836DF736E088">
<createdBy>ic</createdBy>
<createdTime>2024-02-01 07:15:55 UTC</createdTime>
<generatorID>B7D144C6-3088-1182-5FBE-B40DCF8E8770</generatorID>
<ownerDesignName>hvs</ownerDesignName>
<engineerTo>
<item key="7C68DAC7-5118-C451-A71F-6EDA159133D4" value="true"/>
<item key="8E971615-A5DD-D172-AF00-21E3A2CFA719" value="true"/>
</engineerTo>
<referedAttribute>05348FC3-C74C-07B8-1190-89994D3D8D2A</referedAttribute>
<use>0</use>
<logicalDatatype>LOGDT011</logicalDatatype>
<domain>1ABD8611-D6D5-36BB-E182-2547EEF44B19</domain>
<ownDataTypeParameters>,,</ownDataTypeParameters>
</Attribute>
<Attribute name="SID" id="75BE8EE4-7B8D-02C1-0F80-77DA81D12B53">
<createdBy>ic</createdBy>
<createdTime>2024-02-01 07:29:02 UTC</createdTime>
<generatorID>5B6F4235-FA7E-B4DD-E25B-9EBFCCD2C02A</generatorID>
<ownerDesignName>hvs</ownerDesignName>
<engineerTo>
<item key="7C68DAC7-5118-C451-A71F-6EDA159133D4" value="true"/>
<item key="8E971615-A5DD-D172-AF00-21E3A2CFA719" value="true"/>
</engineerTo>
<referedAttribute>C377FDBD-8434-057F-FCAE-B55D386B2016</referedAttribute>
<use>0</use>
<logicalDatatype>LOGDT011</logicalDatatype>
<domain>1ABD8611-D6D5-36BB-E182-2547EEF44B19</domain>
<ownDataTypeParameters>,,</ownDataTypeParameters>
</Attribute>
</attributes>
<identifiers itemClass="oracle.dbtools.crest.model.design.logical.CandidateKey">
<identifier id="DC5E903F-747D-DE9E-B062-191AF128E732" name="Kurs PK">
<createdBy>ic</createdBy>
<createdTime>2024-02-01 07:13:27 UTC</createdTime>
<ownerDesignName>hvs</ownerDesignName>
<engineerTo>
<item key="7C68DAC7-5118-C451-A71F-6EDA159133D4" value="true"/>
<item key="8E971615-A5DD-D172-AF00-21E3A2CFA719" value="true"/>
</engineerTo>
<pk>true</pk>
<usedAttributes>
<attributeRef>114F5E25-8F80-74C3-07EA-82BD20D189F4</attributeRef>
</usedAttributes>
</identifier>
</identifiers>
</Entity>