<?xml version = '1.0' encoding = 'UTF-8'?>
<Entity class="oracle.dbtools.crest.model.design.logical.Entity" directorySegmentName="seg_0" id="EC940A7E-D499-057A-F235-2D1AC002C6D6" name="ModulBT">
<createdBy>ic</createdBy>
<createdTime>2024-02-01 07:19:16 UTC</createdTime>
<ownerDesignName>hvs</ownerDesignName>
<engineerTo>
<item key="49106C23-A5B9-8B25-70C5-67B8EBD180CA" value="true"/>
</engineerTo>
<adequatelyNormalized>NO</adequatelyNormalized>
<expectedVolumes>0</expectedVolumes>
<fwdEngineeringStrategyName>Single Table</fwdEngineeringStrategyName>
<growthPercent>0</growthPercent>
<growthType>Year</growthType>
<maxVolumes>9999999</maxVolumes>
<minVolumes>0</minVolumes>
<normalForm>Third</normalForm>
<attributes itemClass="oracle.dbtools.crest.model.design.logical.Attribute">
<Attribute name="MBTID" id="DF3DA7A3-FA60-27B2-59AE-DA07FA97A2AE">
<createdBy>ic</createdBy>
<createdTime>2024-02-01 07:19:50 UTC</createdTime>
<ownerDesignName>hvs</ownerDesignName>
<engineerTo>
<item key="49106C23-A5B9-8B25-70C5-67B8EBD180CA" value="true"/>
</engineerTo>
<use>0</use>
<logicalDatatype>LOGDT011</logicalDatatype>
<domain>1ABD8611-D6D5-36BB-E182-2547EEF44B19</domain>
<ownDataTypeParameters>,,</ownDataTypeParameters>
</Attribute>
<Attribute name="MID" id="D290ABE5-EB08-1CDD-BCB1-FCB13A79F5D9">
<createdBy>ic</createdBy>
<createdTime>2024-02-01 07:28:12 UTC</createdTime>
<generatorID>5D1CCEE4-F843-D6F5-9605-C577E8944E2B</generatorID>
<ownerDesignName>hvs</ownerDesignName>
<engineerTo>
<item key="49106C23-A5B9-8B25-70C5-67B8EBD180CA" value="true"/>
</engineerTo>
<referedAttribute>05348FC3-C74C-07B8-1190-89994D3D8D2A</referedAttribute>
<use>0</use>
<logicalDatatype>LOGDT011</logicalDatatype>
<domain>1ABD8611-D6D5-36BB-E182-2547EEF44B19</domain>
<ownDataTypeParameters>,,</ownDataTypeParameters>
</Attribute>
<Attribute name="SWS" id="9B83AE05-75AC-CB06-EB21-D0A70E41D6C6">
<createdBy>ic</createdBy>
<createdTime>2024-02-01 07:44:57 UTC</createdTime>
<ownerDesignName>hvs</ownerDesignName>
<engineerTo>
<item key="49106C23-A5B9-8B25-70C5-67B8EBD180CA" value="true"/>
</engineerTo>
<use>0</use>
<logicalDatatype>LOGDT011</logicalDatatype>
<domain>DF5DB5B7-29F7-1AC6-90DB-303EB92D5630</domain>
<ownDataTypeParameters>,,</ownDataTypeParameters>
</Attribute>
<Attribute name="MBAID" id="F7BCF92B-2C55-15C8-91E0-8097A261C0CB">
<createdBy>ic</createdBy>
<createdTime>2024-02-27 07:25:47 UTC</createdTime>
<generatorID>B1389AFA-0AEA-D5E9-8819-32613938DC07</generatorID>
<ownerDesignName>hvs</ownerDesignName>
<engineerTo>
<item key="49106C23-A5B9-8B25-70C5-67B8EBD180CA" value="true"/>
</engineerTo>
<referedAttribute>4AE8F3E2-512F-3636-B763-24ED661C4FD2</referedAttribute>
<use>0</use>
<logicalDatatype>LOGDT011</logicalDatatype>
<domain>1ABD8611-D6D5-36BB-E182-2547EEF44B19</domain>
<ownDataTypeParameters>,,</ownDataTypeParameters>
</Attribute>
</attributes>
<identifiers itemClass="oracle.dbtools.crest.model.design.logical.CandidateKey">
<identifier id="63948D3F-B731-53B2-5A61-E0D355454F17" name="Modulbestandteil PK">
<createdBy>ic</createdBy>
<createdTime>2024-02-01 07:20:06 UTC</createdTime>
<ownerDesignName>hvs</ownerDesignName>
<shouldEngineer>false</shouldEngineer>
<engineerTo>
<item key="49106C23-A5B9-8B25-70C5-67B8EBD180CA" value="false"/>
</engineerTo>
<pk>true</pk>
<usedAttributes>
<attributeRef>DF3DA7A3-FA60-27B2-59AE-DA07FA97A2AE</attributeRef>
</usedAttributes>
</identifier>
</identifiers>
</Entity>