<?xml version = '1.0' encoding = 'UTF-8'?>
<Entity class="oracle.dbtools.crest.model.design.logical.Entity" directorySegmentName="seg_0" id="FE55E892-B0C5-30FD-C7C2-E1A15662003A" name="StudentIn">
<createdBy>ic</createdBy>
<createdTime>2024-02-27 07:12:55 UTC</createdTime>
<ownerDesignName>hvs</ownerDesignName>
<engineerTo>
<item key="1E8031DA-C1B7-FB95-8A56-310C0A0FDC98" value="true"/>
</engineerTo>
<adequatelyNormalized>NO</adequatelyNormalized>
<expectedVolumes>0</expectedVolumes>
<fwdEngineeringStrategyName>Single Table</fwdEngineeringStrategyName>
<growthPercent>0</growthPercent>
<growthType>Year</growthType>
<hierarchicalParent>F7EE7CAD-1116-211E-51ED-07CC813A4939</hierarchicalParent>
<maxVolumes>9999999</maxVolumes>
<minVolumes>0</minVolumes>
<normalForm>Third</normalForm>
<attributes itemClass="oracle.dbtools.crest.model.design.logical.Attribute">
<Attribute name="MatrNr" id="31660EDC-296C-4D68-ABEC-A88F2CBD8170">
<createdBy>ic</createdBy>
<createdTime>2024-02-27 07:12:55 UTC</createdTime>
<ownerDesignName>hvs</ownerDesignName>
<importedID>6A8D190C-0980-CF0E-CF6C-92E6FACA55EE</importedID>
<engineerTo>
<item key="1E8031DA-C1B7-FB95-8A56-310C0A0FDC98" value="true"/>
</engineerTo>
<useDomainConstraints>false</useDomainConstraints>
<use>1</use>
<logicalDatatype>LOGDT024</logicalDatatype>
<dataTypeSize>20</dataTypeSize>
<ownDataTypeParameters>20,,</ownDataTypeParameters>
</Attribute>
</attributes>
</Entity>