<?xml version = '1.0' encoding = 'UTF-8'?>
<Entity class="oracle.dbtools.crest.model.design.logical.Entity" directorySegmentName="seg_0" id="FFA71523-4AD2-37A2-C3B2-6FBF1A62EACA" name="Rolle">
<createdBy>ic</createdBy>
<createdTime>2024-02-27 07:12:55 UTC</createdTime>
<ownerDesignName>hvs</ownerDesignName>
<engineerTo>
<item key="1E8031DA-C1B7-FB95-8A56-310C0A0FDC98" value="true"/>
</engineerTo>
<adequatelyNormalized>NO</adequatelyNormalized>
<expectedVolumes>0</expectedVolumes>
<fwdEngineeringStrategyName>Single Table</fwdEngineeringStrategyName>
<growthPercent>0</growthPercent>
<growthType>Year</growthType>
<maxVolumes>9999999</maxVolumes>
<minVolumes>0</minVolumes>
<normalForm>Third</normalForm>
<attributes itemClass="oracle.dbtools.crest.model.design.logical.Attribute">
<Attribute name="RID" id="45DFA3F5-6A31-DE10-4041-B1A5DA347F6B">
<createdBy>ic</createdBy>
<createdTime>2024-02-27 07:12:55 UTC</createdTime>
<ownerDesignName>hvs</ownerDesignName>
<importedID>C6053A28-BF7B-8343-015F-0BE65E0A17C3</importedID>
<engineerTo>
<item key="1E8031DA-C1B7-FB95-8A56-310C0A0FDC98" value="true"/>
</engineerTo>
<useDomainConstraints>false</useDomainConstraints>
<use>1</use>
<logicalDatatype>LOGDT011</logicalDatatype>
<ownDataTypeParameters>,,</ownDataTypeParameters>
</Attribute>
<Attribute name="Bez" id="C0BB1295-3BF6-4DEF-D33E-483FF8497A88">
<createdBy>ic</createdBy>
<createdTime>2024-02-27 07:12:55 UTC</createdTime>
<ownerDesignName>hvs</ownerDesignName>
<importedID>841C61FE-68E7-8512-FEC8-9564440E3A37</importedID>
<engineerTo>
<item key="1E8031DA-C1B7-FB95-8A56-310C0A0FDC98" value="true"/>
</engineerTo>
<useDomainConstraints>false</useDomainConstraints>
<use>1</use>
<logicalDatatype>LOGDT024</logicalDatatype>
<dataTypeSize>50</dataTypeSize>
<ownDataTypeParameters>50,,</ownDataTypeParameters>
</Attribute>
</attributes>
<identifiers itemClass="oracle.dbtools.crest.model.design.logical.CandidateKey">
<identifier id="F70290A2-C1B5-1A01-D4F8-143D29CB3914" name="Rolle PK">
<createdBy>ic</createdBy>
<createdTime>2024-02-27 07:12:55 UTC</createdTime>
<ownerDesignName>hvs</ownerDesignName>
<engineerTo>
<item key="1E8031DA-C1B7-FB95-8A56-310C0A0FDC98" value="true"/>
</engineerTo>
<pk>true</pk>
<usedAttributes>
<attributeRef>45DFA3F5-6A31-DE10-4041-B1A5DA347F6B</attributeRef>
</usedAttributes>
</identifier>
</identifiers>
</Entity>