<?xml version = '1.0' encoding = 'UTF-8'?>
<Diagram class="oracle.dbtools.crest.swingui.logical.DPVLogical" name="Logical" id="D843D532-6D56-0D94-1B6A-1E46FD8C6C5B">
<createdBy>ic</createdBy>
<modifiedBy>ic</modifiedBy>
<createdTime>2024-02-01 07:09:22 UTC</createdTime>
<autoRoute>false</autoRoute>
<boxInbox>true</boxInbox>
<showLegend>false</showLegend>
<showLabels>false</showLabels>
<showRelAttributes>false</showRelAttributes>
<gridEnabled>false</gridEnabled>
<showGrid>false</showGrid>
<diagramColor>-1</diagramColor>
<display>false</display>
<notation>1</notation>
<objectViews>
<OView class="oracle.dbtools.crest.swingui.logical.TVEntity" oid="019725DA-E8C0-0B07-04DE-E700DE8C3FFB" otype="Entity" vid="D64C8A3A-D218-2D5A-0F74-5231125EDA2E">
<hideElementsInCurrentOnly>false</hideElementsInCurrentOnly>
<bounds x="275" y="443" width="80" height="28"/>
</OView>
<OView class="oracle.dbtools.crest.swingui.logical.TVEntity" oid="1ED711DC-46AC-F7B7-323C-EAB84F43BA66" otype="Entity" vid="3A9F8B0A-295F-4552-5C85-AAAC0A8E887A">
<hideElementsInCurrentOnly>false</hideElementsInCurrentOnly>
<bounds x="613" y="216" width="91" height="82"/>
</OView>
<OView class="oracle.dbtools.crest.swingui.logical.TVEntity" oid="356F0A25-129E-2F26-BA87-A2EB1D71316B" otype="Entity" vid="9E430EAB-9A07-F6D7-3FDB-4DC3611954E4">
<hideElementsInCurrentOnly>false</hideElementsInCurrentOnly>
<bounds x="730" y="267" width="85" height="54"/>
</OView>
<OView class="oracle.dbtools.crest.swingui.logical.TVEntity" oid="3E8D1C87-7669-1E83-A6B5-0C8FAF169DD9" otype="Entity" vid="2F7C55BC-8484-6FA4-6A4C-448BBAA7B51B">
<hideElementsInCurrentOnly>false</hideElementsInCurrentOnly>
<bounds x="443" y="309" width="228" height="126"/>
</OView>
<OView class="oracle.dbtools.crest.swingui.logical.TVEntity" oid="5941F6F4-5473-B67E-39AD-5CFCA47276D9" otype="Entity" vid="A1A749B4-7607-A3EF-C4B8-7494AF0C9D71">
<hideElementsInCurrentOnly>false</hideElementsInCurrentOnly>
<bounds x="96" y="213" width="95" height="54"/>
</OView>
<OView class="oracle.dbtools.crest.swingui.logical.TVEntity" oid="61F59261-A130-6FCE-90C8-EDFB0D682092" otype="Entity" vid="7A6CE68A-C832-4C99-507C-E9710AE70C3A">
<hideElementsInCurrentOnly>false</hideElementsInCurrentOnly>
<bounds x="275" y="391" width="129" height="42"/>
</OView>
<OView class="oracle.dbtools.crest.swingui.logical.TVEntity" oid="62A070D4-ABCB-786A-8991-E9D960FC2E7D" otype="Entity" vid="431E8D81-9124-23AF-4F35-9BFE068FFC49">
<hideElementsInCurrentOnly>false</hideElementsInCurrentOnly>
<bounds x="517" y="329" width="142" height="56"/>
</OView>
<OView class="oracle.dbtools.crest.swingui.logical.TVEntity" oid="757389EE-8B10-A87A-3BDC-EE1B480DC388" otype="Entity" vid="51F60184-0953-2B42-E6A1-39076B40F8E6">
<hideElementsInCurrentOnly>false</hideElementsInCurrentOnly>
<bounds x="563" y="87" width="83" height="82"/>
</OView>
<OView class="oracle.dbtools.crest.swingui.logical.TVEntity" oid="7CA31EBA-4785-7028-7DBE-A01A4C5A39C1" otype="Entity" vid="B7A2BF41-5F48-07C8-65C9-0781AE4C485F">
<hideElementsInCurrentOnly>false</hideElementsInCurrentOnly>
<bounds x="72" y="81" width="104" height="110"/>
</OView>
<OView class="oracle.dbtools.crest.swingui.logical.TVEntity" oid="9DA26A61-B771-EC9D-223D-9BBA0E22B707" otype="Entity" vid="B9D7A7C1-DAD5-0ACE-F7B5-7EDEB33C5C3B">
<hideElementsInCurrentOnly>false</hideElementsInCurrentOnly>
<bounds x="726" y="408" width="75" height="54"/>
</OView>
<OView class="oracle.dbtools.crest.swingui.logical.TVEntity" oid="AD142AC5-7225-669B-03B0-D10E1C24AC08" otype="Entity" vid="FD361BC6-B73D-9E2F-B473-014E1A9AB217">
<hideElementsInCurrentOnly>false</hideElementsInCurrentOnly>
<bounds x="230" y="115" width="74" height="40"/>
</OView>
<OView class="oracle.dbtools.crest.swingui.logical.TVEntity" oid="AD58BD11-2222-26D9-C6F5-F99C5A5A3207" otype="Entity" vid="C74D7815-C01C-0B95-AB2E-F8EF696666F1">
<hideElementsInCurrentOnly>false</hideElementsInCurrentOnly>
<bounds x="517" y="395" width="107" height="28"/>
</OView>
<OView class="oracle.dbtools.crest.swingui.logical.TVEntity" oid="CCA04A96-FD2F-8228-6903-1A3B07E855F7" otype="Entity" vid="DF1AC2EE-0E02-3EA6-E3E5-6C88EA5CE427">
<hideElementsInCurrentOnly>false</hideElementsInCurrentOnly>
<bounds x="727" y="327" width="109" height="68"/>
</OView>
<OView class="oracle.dbtools.crest.swingui.logical.TVEntity" oid="DFC023B0-961A-3147-0025-695362D927A2" otype="Entity" vid="5807E4ED-C6A8-5B73-8D17-44B10919E07A">
<hideElementsInCurrentOnly>false</hideElementsInCurrentOnly>
<bounds x="45" y="290" width="85" height="54"/>
</OView>
<OView class="oracle.dbtools.crest.swingui.logical.TVEntity" oid="E1D917E2-45FF-3588-E184-BA9C7C2A78BA" otype="Entity" vid="3C69E339-2078-4D39-FAF5-89F51807E223">
<hideElementsInCurrentOnly>false</hideElementsInCurrentOnly>
<bounds x="362" y="101" width="126" height="82"/>
</OView>
<OView class="oracle.dbtools.crest.swingui.logical.TVEntity" oid="EC940A7E-D499-057A-F235-2D1AC002C6D6" otype="Entity" vid="4B6AA068-AA0A-83A6-32FA-A45DD4768FB9">
<hideElementsInCurrentOnly>false</hideElementsInCurrentOnly>
<bounds x="400" y="236" width="90" height="54"/>
</OView>
<OView class="oracle.dbtools.crest.swingui.logical.TVEntity" oid="F10EBB5E-0517-4D2B-BFC5-0537BFE647BF" otype="Entity" vid="781A7089-31B8-A764-EBCF-CEE24BF7D20F">
<hideElementsInCurrentOnly>false</hideElementsInCurrentOnly>
<bounds x="247" y="225" width="88" height="40"/>
</OView>
<OView class="oracle.dbtools.crest.swingui.logical.TVEntity" oid="F7EE7CAD-1116-211E-51ED-07CC813A4939" otype="Entity" vid="17159017-CA3B-D0FC-948C-81770CDB6E8C">
<hideElementsInCurrentOnly>false</hideElementsInCurrentOnly>
<bounds x="153" y="319" width="263" height="164"/>
</OView>
<OView class="oracle.dbtools.crest.swingui.logical.TVEntity" oid="FE55E892-B0C5-30FD-C7C2-E1A15662003A" otype="Entity" vid="5410B512-5190-48A7-AF69-537A603B87E1">
<hideElementsInCurrentOnly>false</hideElementsInCurrentOnly>
<bounds x="163" y="405" width="90" height="42"/>
</OView>
<OView class="oracle.dbtools.crest.swingui.logical.TVEntity" oid="FFA71523-4AD2-37A2-C3B2-6FBF1A62EACA" otype="Entity" vid="F47382AF-F18A-C99B-8B45-2784F9CA08E7">
<hideElementsInCurrentOnly>false</hideElementsInCurrentOnly>
<bounds x="45" y="386" width="75" height="54"/>
</OView>
</objectViews>
<connectors>
<Connector class="oracle.dbtools.crest.swingui.logical.TVRelation" oid="0831EA37-BFA1-7A21-9785-0F05C1C6E5FF" otype="Relation" vid_source="781A7089-31B8-A764-EBCF-CEE24BF7D20F" vid_target="5410B512-5190-48A7-AF69-537A603B87E1">
<hideElementsInCurrentOnly>false</hideElementsInCurrentOnly>
<backgroundColor>-16777216</backgroundColor>
<lineWidth>1</lineWidth>
<points>
<point x="269" y="265"/>
<point x="269" y="294"/>
<point x="239" y="339"/>
<point x="239" y="405"/>
</points>
</Connector>
<Connector class="oracle.dbtools.crest.swingui.logical.TVRelation" oid="0CC70DC3-6DBE-CE9B-3AAA-8A19CB44FF18" otype="Relation" vid_source="9E430EAB-9A07-F6D7-3FDB-4DC3611954E4" vid_target="2F7C55BC-8484-6FA4-6A4C-448BBAA7B51B">
<hideElementsInCurrentOnly>false</hideElementsInCurrentOnly>
<backgroundColor>-16777216</backgroundColor>
<lineWidth>1</lineWidth>
<points>
<point x="730" y="315"/>
<point x="671" y="315"/>
</points>
</Connector>
<Connector class="oracle.dbtools.crest.swingui.logical.TVInheritanceRelation" oid="0F7C9466-1DD9-3F0D-7829-A7906ED5DFA4" otype="Hierarchy relation" vid_source="2F7C55BC-8484-6FA4-6A4C-448BBAA7B51B" vid_target="C74D7815-C01C-0B95-AB2E-F8EF696666F1">
<hideElementsInCurrentOnly>false</hideElementsInCurrentOnly>
<backgroundColor>-65536</backgroundColor>
<lineWidth>1</lineWidth>
</Connector>
<Connector class="oracle.dbtools.crest.swingui.logical.TVRelation" oid="1A8D3464-D65F-CC48-1CD3-F8996001326D" otype="Relation" vid_source="5807E4ED-C6A8-5B73-8D17-44B10919E07A" vid_target="17159017-CA3B-D0FC-948C-81770CDB6E8C">
<hideElementsInCurrentOnly>false</hideElementsInCurrentOnly>
<backgroundColor>-16777216</backgroundColor>
<lineWidth>1</lineWidth>
<points>
<point x="130" y="331"/>
<point x="153" y="331"/>
</points>
</Connector>
<Connector class="oracle.dbtools.crest.swingui.logical.TVInheritanceRelation" oid="38EDD92E-E00E-E42E-2D98-AC90068F75FD" otype="Hierarchy relation" vid_source="17159017-CA3B-D0FC-948C-81770CDB6E8C" vid_target="D64C8A3A-D218-2D5A-0F74-5231125EDA2E">
<hideElementsInCurrentOnly>false</hideElementsInCurrentOnly>
<backgroundColor>-65536</backgroundColor>
<lineWidth>1</lineWidth>
</Connector>
<Connector class="oracle.dbtools.crest.swingui.logical.TVRelation" oid="537BCF18-862B-16CE-5FED-DC47883FFC68" otype="Relation" vid_source="2F7C55BC-8484-6FA4-6A4C-448BBAA7B51B" vid_target="781A7089-31B8-A764-EBCF-CEE24BF7D20F">
<hideElementsInCurrentOnly>false</hideElementsInCurrentOnly>
<backgroundColor>-16777216</backgroundColor>
<lineWidth>1</lineWidth>
<points>
<point x="443" y="317"/>
<point x="332" y="265"/>
</points>
</Connector>
<Connector class="oracle.dbtools.crest.swingui.logical.TVRelation" oid="5B6F4235-FA7E-B4DD-E25B-9EBFCCD2C02A" otype="Relation" vid_source="B7A2BF41-5F48-07C8-65C9-0781AE4C485F" vid_target="FD361BC6-B73D-9E2F-B473-014E1A9AB217">
<hideElementsInCurrentOnly>false</hideElementsInCurrentOnly>
<backgroundColor>-16777216</backgroundColor>
<lineWidth>1</lineWidth>
<points>
<point x="176" y="135"/>
<point x="230" y="135"/>
</points>
</Connector>
<Connector class="oracle.dbtools.crest.swingui.logical.TVRelation" oid="5D1CCEE4-F843-D6F5-9605-C577E8944E2B" otype="Relation" vid_source="3C69E339-2078-4D39-FAF5-89F51807E223" vid_target="4B6AA068-AA0A-83A6-32FA-A45DD4768FB9">
<hideElementsInCurrentOnly>false</hideElementsInCurrentOnly>
<backgroundColor>-16777216</backgroundColor>
<lineWidth>1</lineWidth>
<points>
<point x="444" y="183"/>
<point x="444" y="236"/>
</points>
</Connector>
<Connector class="oracle.dbtools.crest.swingui.logical.TVRelation" oid="7B543EE3-0375-1DA8-98D8-7CD386A8EE61" otype="Relation" vid_source="A1A749B4-7607-A3EF-C4B8-7494AF0C9D71" vid_target="781A7089-31B8-A764-EBCF-CEE24BF7D20F">
<hideElementsInCurrentOnly>false</hideElementsInCurrentOnly>
<backgroundColor>-16777216</backgroundColor>
<lineWidth>1</lineWidth>
<points>
<point x="191" y="260"/>
<point x="247" y="260"/>
</points>
</Connector>
<Connector class="oracle.dbtools.crest.swingui.logical.TVRelation" oid="7C12FF95-0C89-FA4C-F6EC-C5111C30BEB7" otype="Relation" vid_source="51F60184-0953-2B42-E6A1-39076B40F8E6" vid_target="3C69E339-2078-4D39-FAF5-89F51807E223">
<hideElementsInCurrentOnly>false</hideElementsInCurrentOnly>
<backgroundColor>-16777216</backgroundColor>
<lineWidth>1</lineWidth>
<points>
<point x="563" y="135"/>
<point x="488" y="135"/>
</points>
</Connector>
<Connector class="oracle.dbtools.crest.swingui.logical.TVRelation" oid="86FA82E3-E033-1CCB-438E-E3BEFA83EAA0" otype="Relation" vid_source="7A6CE68A-C832-4C99-507C-E9710AE70C3A" vid_target="781A7089-31B8-A764-EBCF-CEE24BF7D20F">
<hideElementsInCurrentOnly>false</hideElementsInCurrentOnly>
<backgroundColor>-16777216</backgroundColor>
<lineWidth>1</lineWidth>
<points>
<point x="312" y="391"/>
<point x="312" y="265"/>
</points>
</Connector>
<Connector class="oracle.dbtools.crest.swingui.logical.TVRelation" oid="97B6070B-D9E2-5B6C-D494-ACD6C2B82BA5" otype="Relation" vid_source="FD361BC6-B73D-9E2F-B473-014E1A9AB217" vid_target="781A7089-31B8-A764-EBCF-CEE24BF7D20F">
<hideElementsInCurrentOnly>false</hideElementsInCurrentOnly>
<backgroundColor>-16777216</backgroundColor>
<lineWidth>1</lineWidth>
<points>
<point x="275" y="155"/>
<point x="275" y="225"/>
</points>
</Connector>
<Connector class="oracle.dbtools.crest.swingui.logical.TVInheritanceRelation" oid="A4C56305-1BC9-5E05-6FA1-D1117CB05F39" otype="Hierarchy relation" vid_source="2F7C55BC-8484-6FA4-6A4C-448BBAA7B51B" vid_target="431E8D81-9124-23AF-4F35-9BFE068FFC49">
<hideElementsInCurrentOnly>false</hideElementsInCurrentOnly>
<backgroundColor>-65536</backgroundColor>
<lineWidth>1</lineWidth>
</Connector>
<Connector class="oracle.dbtools.crest.swingui.logical.TVRelation" oid="B1389AFA-0AEA-D5E9-8819-32613938DC07" otype="Relation" vid_source="3A9F8B0A-295F-4552-5C85-AAAC0A8E887A" vid_target="4B6AA068-AA0A-83A6-32FA-A45DD4768FB9">
<hideElementsInCurrentOnly>false</hideElementsInCurrentOnly>
<backgroundColor>-16777216</backgroundColor>
<lineWidth>1</lineWidth>
<points>
<point x="613" y="263"/>
<point x="490" y="263"/>
</points>
</Connector>
<Connector class="oracle.dbtools.crest.swingui.logical.TVRelation" oid="B19BF950-151C-1B40-34DF-11146454275B" otype="Relation" vid_source="B9D7A7C1-DAD5-0ACE-F7B5-7EDEB33C5C3B" vid_target="C74D7815-C01C-0B95-AB2E-F8EF696666F1">
<hideElementsInCurrentOnly>false</hideElementsInCurrentOnly>
<backgroundColor>-16777216</backgroundColor>
<lineWidth>1</lineWidth>
<points>
<point x="726" y="415"/>
<point x="624" y="415"/>
</points>
</Connector>
<Connector class="oracle.dbtools.crest.swingui.logical.TVRelation" oid="B7D144C6-3088-1182-5FBE-B40DCF8E8770" otype="Relation" vid_source="3C69E339-2078-4D39-FAF5-89F51807E223" vid_target="FD361BC6-B73D-9E2F-B473-014E1A9AB217">
<hideElementsInCurrentOnly>false</hideElementsInCurrentOnly>
<backgroundColor>-16777216</backgroundColor>
<lineWidth>1</lineWidth>
<points>
<point x="362" y="135"/>
<point x="304" y="135"/>
</points>
</Connector>
<Connector class="oracle.dbtools.crest.swingui.logical.TVRelation" oid="BE90BE14-B263-E961-D111-F29022E2F25A" otype="Relation" vid_source="DF1AC2EE-0E02-3EA6-E3E5-6C88EA5CE427" vid_target="C74D7815-C01C-0B95-AB2E-F8EF696666F1">
<hideElementsInCurrentOnly>false</hideElementsInCurrentOnly>
<backgroundColor>-16777216</backgroundColor>
<lineWidth>1</lineWidth>
<points>
<point x="727" y="395"/>
<point x="624" y="395"/>
</points>
</Connector>
<Connector class="oracle.dbtools.crest.swingui.logical.TVRelation" oid="C4B455D3-3037-8F45-C44E-466FCA102193" otype="Relation" vid_source="4B6AA068-AA0A-83A6-32FA-A45DD4768FB9" vid_target="781A7089-31B8-A764-EBCF-CEE24BF7D20F">
<hideElementsInCurrentOnly>false</hideElementsInCurrentOnly>
<backgroundColor>-16777216</backgroundColor>
<lineWidth>1</lineWidth>
<points>
<point x="400" y="250"/>
<point x="335" y="250"/>
</points>
</Connector>
<Connector class="oracle.dbtools.crest.swingui.logical.TVInheritanceRelation" oid="C7ACD518-6205-9F89-0803-B84172ACC89F" otype="Hierarchy relation" vid_source="17159017-CA3B-D0FC-948C-81770CDB6E8C" vid_target="5410B512-5190-48A7-AF69-537A603B87E1">
<hideElementsInCurrentOnly>false</hideElementsInCurrentOnly>
<backgroundColor>-65536</backgroundColor>
<lineWidth>1</lineWidth>
</Connector>
<Connector class="oracle.dbtools.crest.swingui.logical.TVRelation" oid="E95DC967-CCD0-FA4F-74B0-8FC82EB29C80" otype="Relation" vid_source="F47382AF-F18A-C99B-8B45-2784F9CA08E7" vid_target="17159017-CA3B-D0FC-948C-81770CDB6E8C">
<hideElementsInCurrentOnly>false</hideElementsInCurrentOnly>
<backgroundColor>-16777216</backgroundColor>
<lineWidth>1</lineWidth>
<points>
<point x="120" y="413"/>
<point x="153" y="413"/>
</points>
</Connector>
<Connector class="oracle.dbtools.crest.swingui.logical.TVInheritanceRelation" oid="FD23A94C-517D-49BE-05F5-3A60A87A4800" otype="Hierarchy relation" vid_source="17159017-CA3B-D0FC-948C-81770CDB6E8C" vid_target="7A6CE68A-C832-4C99-507C-E9710AE70C3A">
<hideElementsInCurrentOnly>false</hideElementsInCurrentOnly>
<backgroundColor>-65536</backgroundColor>
<lineWidth>1</lineWidth>
</Connector>
</connectors>
</Diagram>