<?xml version = '1.0' encoding = 'UTF-8'?>
<Entity class="oracle.dbtools.crest.model.design.logical.Entity" directorySegmentName="seg_0" id="356F0A25-129E-2F26-BA87-A2EB1D71316B" name="Terminart">
<createdBy>ic</createdBy>
<createdTime>2024-02-27 08:07:55 UTC</createdTime>
<ownerDesignName>hvs</ownerDesignName>
<engineerTo>
<item key="49106C23-A5B9-8B25-70C5-67B8EBD180CA" value="true"/>
</engineerTo>
<adequatelyNormalized>NO</adequatelyNormalized>
<expectedVolumes>0</expectedVolumes>
<fwdEngineeringStrategyName>Single Table</fwdEngineeringStrategyName>
<growthPercent>0</growthPercent>
<growthType>Year</growthType>
<maxVolumes>9999999</maxVolumes>
<minVolumes>0</minVolumes>
<normalForm>Third</normalForm>
<attributes itemClass="oracle.dbtools.crest.model.design.logical.Attribute">
<Attribute name="TAID" id="7B1CF2DA-271B-AF71-D868-5D00EBD1ABB9">
<createdBy>ic</createdBy>
<createdTime>2024-02-27 08:07:55 UTC</createdTime>
<ownerDesignName>hvs</ownerDesignName>
<engineerTo>
<item key="49106C23-A5B9-8B25-70C5-67B8EBD180CA" value="true"/>
</engineerTo>
<use>0</use>
<logicalDatatype>LOGDT011</logicalDatatype>
<domain>1ABD8611-D6D5-36BB-E182-2547EEF44B19</domain>
<ownDataTypeParameters>,,</ownDataTypeParameters>
</Attribute>
<Attribute name="Bez" id="B8320FBA-DD53-1078-9711-1F37E05D01FB">
<createdBy>ic</createdBy>
<createdTime>2024-02-27 08:07:55 UTC</createdTime>
<ownerDesignName>hvs</ownerDesignName>
<engineerTo>
<item key="49106C23-A5B9-8B25-70C5-67B8EBD180CA" value="true"/>
</engineerTo>
<use>0</use>
<logicalDatatype>LOGDT024</logicalDatatype>
<domain>294EC640-87C8-63D0-8027-09F740CB1699</domain>
<ownDataTypeParameters>,,</ownDataTypeParameters>
</Attribute>
</attributes>
<identifiers itemClass="oracle.dbtools.crest.model.design.logical.CandidateKey">
<identifier id="7D6DBB5F-26D9-570C-8CBC-B0ED9B5E16B3" name="Person PK">
<createdBy>ic</createdBy>
<createdTime>2024-02-27 08:07:55 UTC</createdTime>
<ownerDesignName>hvs</ownerDesignName>
<shouldEngineer>false</shouldEngineer>
<engineerTo>
<item key="49106C23-A5B9-8B25-70C5-67B8EBD180CA" value="false"/>
</engineerTo>
<pk>true</pk>
<usedAttributes>
<attributeRef>7B1CF2DA-271B-AF71-D868-5D00EBD1ABB9</attributeRef>
</usedAttributes>
</identifier>
</identifiers>
</Entity>