<?xml version = '1.0' encoding = 'UTF-8'?>
<Entity class="oracle.dbtools.crest.model.design.logical.Entity" directorySegmentName="seg_0" id="5941F6F4-5473-B67E-39AD-5CFCA47276D9" name="Raum">
<createdBy>ic</createdBy>
<createdTime>2024-02-01 07:46:09 UTC</createdTime>
<ownerDesignName>hvs</ownerDesignName>
<engineerTo>
<item key="7C68DAC7-5118-C451-A71F-6EDA159133D4" value="true"/>
<item key="8E971615-A5DD-D172-AF00-21E3A2CFA719" value="true"/>
</engineerTo>
<adequatelyNormalized>NO</adequatelyNormalized>
<expectedVolumes>0</expectedVolumes>
<fwdEngineeringStrategyName>Single Table</fwdEngineeringStrategyName>
<growthPercent>0</growthPercent>
<growthType>Year</growthType>
<maxVolumes>9999999</maxVolumes>
<minVolumes>0</minVolumes>
<normalForm>Third</normalForm>
<attributes itemClass="oracle.dbtools.crest.model.design.logical.Attribute">
<Attribute name="RID" id="AF456672-6CFC-A68C-D47C-7D92F34BD516">
<createdBy>ic</createdBy>
<createdTime>2024-02-01 07:46:16 UTC</createdTime>
<ownerDesignName>hvs</ownerDesignName>
<engineerTo>
<item key="7C68DAC7-5118-C451-A71F-6EDA159133D4" value="true"/>
<item key="8E971615-A5DD-D172-AF00-21E3A2CFA719" value="true"/>
</engineerTo>
<use>0</use>
<logicalDatatype>LOGDT011</logicalDatatype>
<domain>1ABD8611-D6D5-36BB-E182-2547EEF44B19</domain>
<ownDataTypeParameters>,,</ownDataTypeParameters>
</Attribute>
<Attribute name="RaumNr" id="C097433C-B9D3-42D2-3CA3-E38C538EE590">
<createdBy>ic</createdBy>
<createdTime>2024-02-01 07:46:32 UTC</createdTime>
<ownerDesignName>hvs</ownerDesignName>
<engineerTo>
<item key="7C68DAC7-5118-C451-A71F-6EDA159133D4" value="true"/>
<item key="8E971615-A5DD-D172-AF00-21E3A2CFA719" value="true"/>
</engineerTo>
<use>0</use>
<logicalDatatype>LOGDT024</logicalDatatype>
<domain>4BD7E277-58B3-8E45-A20F-AE133C36DE25</domain>
<ownDataTypeParameters>,,</ownDataTypeParameters>
</Attribute>
</attributes>
<identifiers itemClass="oracle.dbtools.crest.model.design.logical.CandidateKey">
<identifier id="0F055E9D-B93C-E9C0-D73B-E5C88BF725EE" name="Raum PK">
<createdBy>ic</createdBy>
<createdTime>2024-02-01 07:46:25 UTC</createdTime>
<ownerDesignName>hvs</ownerDesignName>
<engineerTo>
<item key="7C68DAC7-5118-C451-A71F-6EDA159133D4" value="true"/>
<item key="8E971615-A5DD-D172-AF00-21E3A2CFA719" value="true"/>
</engineerTo>
<pk>true</pk>
<usedAttributes>
<attributeRef>AF456672-6CFC-A68C-D47C-7D92F34BD516</attributeRef>
</usedAttributes>
</identifier>
</identifiers>
</Entity>