<?xml version = '1.0' encoding = 'UTF-8'?>
<Entity class="oracle.dbtools.crest.model.design.logical.Entity" directorySegmentName="seg_0" id="61F59261-A130-6FCE-90C8-EDFB0D682092" name="Lehrperson">
<createdBy>ic</createdBy>
<createdTime>2024-02-27 07:12:55 UTC</createdTime>
<ownerDesignName>hvs</ownerDesignName>
<shouldEngineer>false</shouldEngineer>
<engineerTo>
<item key="49106C23-A5B9-8B25-70C5-67B8EBD180CA" value="false"/>
</engineerTo>
<adequatelyNormalized>NO</adequatelyNormalized>
<expectedVolumes>0</expectedVolumes>
<fwdEngineeringStrategyName>Single Table</fwdEngineeringStrategyName>
<growthPercent>0</growthPercent>
<growthType>Year</growthType>
<hierarchicalParent>F7EE7CAD-1116-211E-51ED-07CC813A4939</hierarchicalParent>
<maxVolumes>9999999</maxVolumes>
<minVolumes>0</minVolumes>
<normalForm>Third</normalForm>
<attributes itemClass="oracle.dbtools.crest.model.design.logical.Attribute">
<Attribute name="Steuernummer" id="920FCAA1-72F0-6208-EA03-40D61F29F9B7">
<createdBy>ic</createdBy>
<createdTime>2024-02-27 07:12:55 UTC</createdTime>
<ownerDesignName>hvs</ownerDesignName>
<importedID>40063BFD-5576-6784-09FC-ECE278DFB708</importedID>
<engineerTo>
<item key="49106C23-A5B9-8B25-70C5-67B8EBD180CA" value="true"/>
</engineerTo>
<use>0</use>
<logicalDatatype>LOGDT024</logicalDatatype>
<domain>4BD7E277-58B3-8E45-A20F-AE133C36DE25</domain>
<ownDataTypeParameters>,,</ownDataTypeParameters>
</Attribute>
</attributes>
</Entity>