<?xml version = '1.0' encoding = 'UTF-8'?>
<Entity class="oracle.dbtools.crest.model.design.logical.Entity" directorySegmentName="seg_0" id="62A070D4-ABCB-786A-8991-E9D960FC2E7D" name="Einzeltermin">
<createdBy>ic</createdBy>
<createdTime>2024-02-27 07:53:53 UTC</createdTime>
<ownerDesignName>hvs</ownerDesignName>
<shouldEngineer>false</shouldEngineer>
<engineerTo>
<item key="49106C23-A5B9-8B25-70C5-67B8EBD180CA" value="false"/>
<item key="6486E111-E621-0FDA-AF2B-D61803FCCEAD" value="false"/>
</engineerTo>
<adequatelyNormalized>NO</adequatelyNormalized>
<expectedVolumes>0</expectedVolumes>
<fwdEngineeringStrategyName>Single Table</fwdEngineeringStrategyName>
<growthPercent>0</growthPercent>
<growthType>Year</growthType>
<hierarchicalParent>3E8D1C87-7669-1E83-A6B5-0C8FAF169DD9</hierarchicalParent>
<maxVolumes>9999999</maxVolumes>
<minVolumes>0</minVolumes>
<normalForm>Third</normalForm>
<attributes itemClass="oracle.dbtools.crest.model.design.logical.Attribute">
<Attribute name="DatumUhrzeitVon" id="9B819651-4289-993F-71C0-031B0C16B2B1">
<createdBy>ic</createdBy>
<createdTime>2024-02-27 07:54:10 UTC</createdTime>
<ownerDesignName>hvs</ownerDesignName>
<engineerTo>
<item key="49106C23-A5B9-8B25-70C5-67B8EBD180CA" value="true"/>
<item key="6486E111-E621-0FDA-AF2B-D61803FCCEAD" value="true"/>
</engineerTo>
<use>0</use>
<logicalDatatype>LOGDT007</logicalDatatype>
<domain>69958CE0-C8E1-F153-FCF4-77AC4541B7DF</domain>
<ownDataTypeParameters>,,</ownDataTypeParameters>
</Attribute>
<Attribute name="DatumUhrzeitBis" id="F7C11D2D-95DF-C969-5D2E-AA7A9AEE001A">
<createdBy>ic</createdBy>
<createdTime>2024-02-27 07:54:49 UTC</createdTime>
<ownerDesignName>hvs</ownerDesignName>
<engineerTo>
<item key="49106C23-A5B9-8B25-70C5-67B8EBD180CA" value="true"/>
<item key="6486E111-E621-0FDA-AF2B-D61803FCCEAD" value="true"/>
</engineerTo>
<use>0</use>
<logicalDatatype>LOGDT007</logicalDatatype>
<domain>69958CE0-C8E1-F153-FCF4-77AC4541B7DF</domain>
<ownDataTypeParameters>,,</ownDataTypeParameters>
</Attribute>
</attributes>
</Entity>