<?xml version = '1.0' encoding = 'UTF-8'?>
<Entity class="oracle.dbtools.crest.model.design.logical.Entity" directorySegmentName="seg_0" id="7CA31EBA-4785-7028-7DBE-A01A4C5A39C1" name="Semester">
<createdBy>ic</createdBy>
<createdTime>2024-02-01 07:09:22 UTC</createdTime>
<ownerDesignName>hvs</ownerDesignName>
<engineerTo>
<item key="7C68DAC7-5118-C451-A71F-6EDA159133D4" value="true"/>
<item key="8E971615-A5DD-D172-AF00-21E3A2CFA719" value="true"/>
</engineerTo>
<adequatelyNormalized>NO</adequatelyNormalized>
<expectedVolumes>0</expectedVolumes>
<fwdEngineeringStrategyName>Single Table</fwdEngineeringStrategyName>
<growthPercent>0</growthPercent>
<growthType>Year</growthType>
<maxVolumes>9999999</maxVolumes>
<minVolumes>0</minVolumes>
<normalForm>Third</normalForm>
<attributes itemClass="oracle.dbtools.crest.model.design.logical.Attribute">
<Attribute name="SID" id="C377FDBD-8434-057F-FCAE-B55D386B2016">
<createdBy>ic</createdBy>
<createdTime>2024-02-01 07:09:30 UTC</createdTime>
<ownerDesignName>hvs</ownerDesignName>
<engineerTo>
<item key="7C68DAC7-5118-C451-A71F-6EDA159133D4" value="true"/>
<item key="8E971615-A5DD-D172-AF00-21E3A2CFA719" value="true"/>
</engineerTo>
<use>0</use>
<logicalDatatype>LOGDT011</logicalDatatype>
<domain>1ABD8611-D6D5-36BB-E182-2547EEF44B19</domain>
<ownDataTypeParameters>,,</ownDataTypeParameters>
</Attribute>
<Attribute name="Bez" id="47966AFF-62DD-FFB1-D81B-49A00020C111">
<createdBy>ic</createdBy>
<createdTime>2024-02-01 07:09:40 UTC</createdTime>
<ownerDesignName>hvs</ownerDesignName>
<engineerTo>
<item key="7C68DAC7-5118-C451-A71F-6EDA159133D4" value="true"/>
<item key="8E971615-A5DD-D172-AF00-21E3A2CFA719" value="true"/>
</engineerTo>
<use>0</use>
<logicalDatatype>LOGDT024</logicalDatatype>
<domain>4BD7E277-58B3-8E45-A20F-AE133C36DE25</domain>
<ownDataTypeParameters>,,</ownDataTypeParameters>
</Attribute>
<Attribute name="Beginn" id="F9F40034-9996-DD83-A4D5-B290FFC32DB5">
<createdBy>ic</createdBy>
<createdTime>2024-02-01 07:09:52 UTC</createdTime>
<ownerDesignName>hvs</ownerDesignName>
<engineerTo>
<item key="7C68DAC7-5118-C451-A71F-6EDA159133D4" value="true"/>
<item key="8E971615-A5DD-D172-AF00-21E3A2CFA719" value="true"/>
</engineerTo>
<use>0</use>
<logicalDatatype>LOGDT007</logicalDatatype>
<domain>69958CE0-C8E1-F153-FCF4-77AC4541B7DF</domain>
<ownDataTypeParameters>,,</ownDataTypeParameters>
</Attribute>
<Attribute name="Ende" id="B75E5CA7-A6AB-45A6-0821-5AE2BB20FF8B">
<createdBy>ic</createdBy>
<createdTime>2024-02-01 07:10:06 UTC</createdTime>
<ownerDesignName>hvs</ownerDesignName>
<engineerTo>
<item key="7C68DAC7-5118-C451-A71F-6EDA159133D4" value="true"/>
<item key="8E971615-A5DD-D172-AF00-21E3A2CFA719" value="true"/>
</engineerTo>
<use>0</use>
<logicalDatatype>LOGDT007</logicalDatatype>
<domain>69958CE0-C8E1-F153-FCF4-77AC4541B7DF</domain>
<ownDataTypeParameters>,,</ownDataTypeParameters>
</Attribute>
<Attribute name="VLBeginn" id="0A551F44-D4C3-3618-BF15-52AD6F2AA35E">
<createdBy>ic</createdBy>
<createdTime>2024-02-01 07:10:18 UTC</createdTime>
<ownerDesignName>hvs</ownerDesignName>
<engineerTo>
<item key="7C68DAC7-5118-C451-A71F-6EDA159133D4" value="true"/>
<item key="8E971615-A5DD-D172-AF00-21E3A2CFA719" value="true"/>
</engineerTo>
<use>0</use>
<logicalDatatype>LOGDT007</logicalDatatype>
<domain>69958CE0-C8E1-F153-FCF4-77AC4541B7DF</domain>
<ownDataTypeParameters>,,</ownDataTypeParameters>
</Attribute>
<Attribute name="VLEnde" id="4396305A-70A6-63E6-044D-2EECCD60A506">
<createdBy>ic</createdBy>
<createdTime>2024-02-01 07:10:39 UTC</createdTime>
<ownerDesignName>hvs</ownerDesignName>
<engineerTo>
<item key="7C68DAC7-5118-C451-A71F-6EDA159133D4" value="true"/>
<item key="8E971615-A5DD-D172-AF00-21E3A2CFA719" value="true"/>
</engineerTo>
<use>0</use>
<logicalDatatype>LOGDT007</logicalDatatype>
<domain>69958CE0-C8E1-F153-FCF4-77AC4541B7DF</domain>
<ownDataTypeParameters>,,</ownDataTypeParameters>
</Attribute>
</attributes>
<identifiers itemClass="oracle.dbtools.crest.model.design.logical.CandidateKey">
<identifier id="A7B1C64B-7F40-FFB8-BF6F-DF9D861E4263" name="Semester PK">
<createdBy>ic</createdBy>
<createdTime>2024-02-01 07:09:38 UTC</createdTime>
<ownerDesignName>hvs</ownerDesignName>
<engineerTo>
<item key="7C68DAC7-5118-C451-A71F-6EDA159133D4" value="true"/>
<item key="8E971615-A5DD-D172-AF00-21E3A2CFA719" value="true"/>
</engineerTo>
<pk>true</pk>
<usedAttributes>
<attributeRef>C377FDBD-8434-057F-FCAE-B55D386B2016</attributeRef>
</usedAttributes>
</identifier>
</identifiers>
</Entity>