<?xml version = '1.0' encoding = 'UTF-8'?>
<Entity class="oracle.dbtools.crest.model.design.logical.Entity" directorySegmentName="seg_0" id="9DA26A61-B771-EC9D-223D-9BBA0E22B707" name="Tag">
<createdBy>ic</createdBy>
<createdTime>2024-02-27 07:57:10 UTC</createdTime>
<ownerDesignName>hvs</ownerDesignName>
<engineerTo>
<item key="49106C23-A5B9-8B25-70C5-67B8EBD180CA" value="true"/>
</engineerTo>
<adequatelyNormalized>NO</adequatelyNormalized>
<expectedVolumes>0</expectedVolumes>
<fwdEngineeringStrategyName>Single Table</fwdEngineeringStrategyName>
<growthPercent>0</growthPercent>
<growthType>Year</growthType>
<maxVolumes>9999999</maxVolumes>
<minVolumes>0</minVolumes>
<normalForm>Third</normalForm>
<attributes itemClass="oracle.dbtools.crest.model.design.logical.Attribute">
<Attribute name="TID" id="B1E4F893-B751-0F96-64D7-B2BB3E7D5015">
<createdBy>ic</createdBy>
<createdTime>2024-02-27 07:57:19 UTC</createdTime>
<ownerDesignName>hvs</ownerDesignName>
<engineerTo>
<item key="49106C23-A5B9-8B25-70C5-67B8EBD180CA" value="true"/>
</engineerTo>
<use>0</use>
<logicalDatatype>LOGDT011</logicalDatatype>
<domain>1ABD8611-D6D5-36BB-E182-2547EEF44B19</domain>
<ownDataTypeParameters>,,</ownDataTypeParameters>
</Attribute>
<Attribute name="Bez" id="1A3D4427-6EC6-D98E-39C3-FAC29F30909B">
<createdBy>ic</createdBy>
<createdTime>2024-02-27 07:57:28 UTC</createdTime>
<ownerDesignName>hvs</ownerDesignName>
<engineerTo>
<item key="49106C23-A5B9-8B25-70C5-67B8EBD180CA" value="true"/>
</engineerTo>
<use>0</use>
<logicalDatatype>LOGDT024</logicalDatatype>
<domain>4BD7E277-58B3-8E45-A20F-AE133C36DE25</domain>
<ownDataTypeParameters>,,</ownDataTypeParameters>
</Attribute>
</attributes>
<identifiers itemClass="oracle.dbtools.crest.model.design.logical.CandidateKey">
<identifier id="CE49D20F-EC8D-786D-8E97-1FC4D0EFB4EA" name="Tag PK">
<createdBy>ic</createdBy>
<createdTime>2024-02-27 07:57:26 UTC</createdTime>
<ownerDesignName>hvs</ownerDesignName>
<shouldEngineer>false</shouldEngineer>
<engineerTo>
<item key="49106C23-A5B9-8B25-70C5-67B8EBD180CA" value="false"/>
</engineerTo>
<pk>true</pk>
<usedAttributes>
<attributeRef>B1E4F893-B751-0F96-64D7-B2BB3E7D5015</attributeRef>
</usedAttributes>
</identifier>
</identifiers>
</Entity>