<?xml version = '1.0' encoding = 'UTF-8'?>
<Entity class="oracle.dbtools.crest.model.design.logical.Entity" directorySegmentName="seg_0" id="AD58BD11-2222-26D9-C6F5-F99C5A5A3207" name="Wochentermin">
<createdBy>ic</createdBy>
<createdTime>2024-02-27 07:55:54 UTC</createdTime>
<ownerDesignName>hvs</ownerDesignName>
<shouldEngineer>false</shouldEngineer>
<engineerTo>
<item key="49106C23-A5B9-8B25-70C5-67B8EBD180CA" value="false"/>
<item key="6486E111-E621-0FDA-AF2B-D61803FCCEAD" value="false"/>
</engineerTo>
<adequatelyNormalized>NO</adequatelyNormalized>
<expectedVolumes>0</expectedVolumes>
<fwdEngineeringStrategyName>Single Table</fwdEngineeringStrategyName>
<growthPercent>0</growthPercent>
<growthType>Year</growthType>
<hierarchicalParent>3E8D1C87-7669-1E83-A6B5-0C8FAF169DD9</hierarchicalParent>
<maxVolumes>9999999</maxVolumes>
<minVolumes>0</minVolumes>
<normalForm>Third</normalForm>
<attributes itemClass="oracle.dbtools.crest.model.design.logical.Attribute">
<Attribute name="ZBID" id="6F8FA364-49A9-26C1-A3A5-777AED906378">
<createdBy>ic</createdBy>
<createdTime>2024-02-27 08:03:00 UTC</createdTime>
<generatorID>BE90BE14-B263-E961-D111-F29022E2F25A</generatorID>
<ownerDesignName>hvs</ownerDesignName>
<engineerTo>
<item key="49106C23-A5B9-8B25-70C5-67B8EBD180CA" value="true"/>
<item key="6486E111-E621-0FDA-AF2B-D61803FCCEAD" value="true"/>
</engineerTo>
<referedAttribute>9CE259FE-38BA-8792-CCD4-9402BDE7A41B</referedAttribute>
<use>0</use>
<logicalDatatype>LOGDT011</logicalDatatype>
<domain>1ABD8611-D6D5-36BB-E182-2547EEF44B19</domain>
<ownDataTypeParameters>,,</ownDataTypeParameters>
</Attribute>
<Attribute name="TID" id="17A6B494-F7D2-658E-1123-664836ED4203">
<createdBy>ic</createdBy>
<createdTime>2024-02-27 08:03:07 UTC</createdTime>
<generatorID>B19BF950-151C-1B40-34DF-11146454275B</generatorID>
<ownerDesignName>hvs</ownerDesignName>
<engineerTo>
<item key="49106C23-A5B9-8B25-70C5-67B8EBD180CA" value="true"/>
<item key="6486E111-E621-0FDA-AF2B-D61803FCCEAD" value="true"/>
</engineerTo>
<referedAttribute>B1E4F893-B751-0F96-64D7-B2BB3E7D5015</referedAttribute>
<use>0</use>
<logicalDatatype>LOGDT011</logicalDatatype>
<domain>1ABD8611-D6D5-36BB-E182-2547EEF44B19</domain>
<ownDataTypeParameters>,,</ownDataTypeParameters>
</Attribute>
</attributes>
</Entity>