<?xml version = '1.0' encoding = 'UTF-8'?>
<Entity class="oracle.dbtools.crest.model.design.logical.Entity" directorySegmentName="seg_0" id="CCA04A96-FD2F-8228-6903-1A3B07E855F7" name="Zeitblock">
<createdBy>ic</createdBy>
<createdTime>2024-02-27 07:57:51 UTC</createdTime>
<ownerDesignName>hvs</ownerDesignName>
<engineerTo>
<item key="49106C23-A5B9-8B25-70C5-67B8EBD180CA" value="true"/>
</engineerTo>
<adequatelyNormalized>NO</adequatelyNormalized>
<expectedVolumes>0</expectedVolumes>
<fwdEngineeringStrategyName>Single Table</fwdEngineeringStrategyName>
<growthPercent>0</growthPercent>
<growthType>Year</growthType>
<maxVolumes>9999999</maxVolumes>
<minVolumes>0</minVolumes>
<normalForm>Third</normalForm>
<attributes itemClass="oracle.dbtools.crest.model.design.logical.Attribute">
<Attribute name="ZBID" id="9CE259FE-38BA-8792-CCD4-9402BDE7A41B">
<createdBy>ic</createdBy>
<createdTime>2024-02-27 07:58:03 UTC</createdTime>
<ownerDesignName>hvs</ownerDesignName>
<engineerTo>
<item key="49106C23-A5B9-8B25-70C5-67B8EBD180CA" value="true"/>
</engineerTo>
<use>0</use>
<logicalDatatype>LOGDT011</logicalDatatype>
<domain>1ABD8611-D6D5-36BB-E182-2547EEF44B19</domain>
<ownDataTypeParameters>,,</ownDataTypeParameters>
</Attribute>
<Attribute name="UhrzeitVon" id="44161534-81A7-0534-788E-9F42DC878A8C">
<createdBy>ic</createdBy>
<createdTime>2024-02-27 07:58:26 UTC</createdTime>
<ownerDesignName>hvs</ownerDesignName>
<engineerTo>
<item key="49106C23-A5B9-8B25-70C5-67B8EBD180CA" value="true"/>
</engineerTo>
<use>0</use>
<logicalDatatype>LOGDT007</logicalDatatype>
<domain>69958CE0-C8E1-F153-FCF4-77AC4541B7DF</domain>
<ownDataTypeParameters>,,</ownDataTypeParameters>
</Attribute>
<Attribute name="UhrzeitBis" id="641DD2EE-387B-E98F-3F81-A0F6D1C42CE6">
<createdBy>ic</createdBy>
<createdTime>2024-02-27 07:59:00 UTC</createdTime>
<ownerDesignName>hvs</ownerDesignName>
<engineerTo>
<item key="49106C23-A5B9-8B25-70C5-67B8EBD180CA" value="true"/>
</engineerTo>
<use>0</use>
<logicalDatatype>LOGDT007</logicalDatatype>
<domain>69958CE0-C8E1-F153-FCF4-77AC4541B7DF</domain>
<ownDataTypeParameters>,,</ownDataTypeParameters>
</Attribute>
</attributes>
<identifiers itemClass="oracle.dbtools.crest.model.design.logical.CandidateKey">
<identifier id="56EBF648-CB17-9436-2814-7B182C681A8B" name="Zeitblock PK">
<createdBy>ic</createdBy>
<createdTime>2024-02-27 07:58:12 UTC</createdTime>
<ownerDesignName>hvs</ownerDesignName>
<engineerTo>
<item key="49106C23-A5B9-8B25-70C5-67B8EBD180CA" value="true"/>
</engineerTo>
<pk>true</pk>
<usedAttributes>
<attributeRef>9CE259FE-38BA-8792-CCD4-9402BDE7A41B</attributeRef>
</usedAttributes>
</identifier>
</identifiers>
</Entity>