<?xml version = '1.0' encoding = 'UTF-8'?>
<Entity class="oracle.dbtools.crest.model.design.logical.Entity" directorySegmentName="seg_0" id="F10EBB5E-0517-4D2B-BFC5-0537BFE647BF" name="KursBT">
<createdBy>ic</createdBy>
<createdTime>2024-02-01 07:20:26 UTC</createdTime>
<ownerDesignName>hvs</ownerDesignName>
<adequatelyNormalized>NO</adequatelyNormalized>
<expectedVolumes>0</expectedVolumes>
<fwdEngineeringStrategyName>Single Table</fwdEngineeringStrategyName>
<growthPercent>0</growthPercent>
<growthType>Year</growthType>
<maxVolumes>9999999</maxVolumes>
<minVolumes>0</minVolumes>
<normalForm>Third</normalForm>
<attributes itemClass="oracle.dbtools.crest.model.design.logical.Attribute">
<Attribute name="KBTID" id="DC82B2E0-C982-14BD-5569-B104CCC84440">
<createdBy>ic</createdBy>
<createdTime>2024-02-01 07:20:44 UTC</createdTime>
<ownerDesignName>hvs</ownerDesignName>
<use>0</use>
<logicalDatatype>LOGDT011</logicalDatatype>
<domain>1ABD8611-D6D5-36BB-E182-2547EEF44B19</domain>
<ownDataTypeParameters>,,</ownDataTypeParameters>
</Attribute>
<Attribute name="KID" id="A81B66C1-6108-DBF9-034C-6EBB86327305">
<createdBy>ic</createdBy>
<createdTime>2024-02-01 07:28:03 UTC</createdTime>
<generatorID>97B6070B-D9E2-5B6C-D494-ACD6C2B82BA5</generatorID>
<ownerDesignName>hvs</ownerDesignName>
<referedAttribute>114F5E25-8F80-74C3-07EA-82BD20D189F4</referedAttribute>
<use>0</use>
<logicalDatatype>LOGDT011</logicalDatatype>
<domain>1ABD8611-D6D5-36BB-E182-2547EEF44B19</domain>
<ownDataTypeParameters>,,</ownDataTypeParameters>
</Attribute>
<Attribute name="MBTID" id="3228886B-D216-967E-EED8-4DD558819E10">
<createdBy>ic</createdBy>
<createdTime>2024-02-01 07:28:24 UTC</createdTime>
<generatorID>C4B455D3-3037-8F45-C44E-466FCA102193</generatorID>
<ownerDesignName>hvs</ownerDesignName>
<referedAttribute>DF3DA7A3-FA60-27B2-59AE-DA07FA97A2AE</referedAttribute>
<use>0</use>
<logicalDatatype>LOGDT011</logicalDatatype>
<domain>1ABD8611-D6D5-36BB-E182-2547EEF44B19</domain>
<ownDataTypeParameters>,,</ownDataTypeParameters>
</Attribute>
<Attribute name="RID" id="65ADC8EB-3C21-9678-E6CF-85396346636F">
<createdBy>ic</createdBy>
<createdTime>2024-02-01 07:47:04 UTC</createdTime>
<generatorID>7B543EE3-0375-1DA8-98D8-7CD386A8EE61</generatorID>
<ownerDesignName>hvs</ownerDesignName>
<referedAttribute>AF456672-6CFC-A68C-D47C-7D92F34BD516</referedAttribute>
<use>0</use>
<logicalDatatype>LOGDT011</logicalDatatype>
<domain>1ABD8611-D6D5-36BB-E182-2547EEF44B19</domain>
<ownDataTypeParameters>,,</ownDataTypeParameters>
</Attribute>
<Attribute name="PRID" id="B2870FB1-7173-EA74-D10C-01DE860D62CF">
<createdBy>ic</createdBy>
<createdTime>2024-02-27 07:14:19 UTC</createdTime>
<generatorID>86FA82E3-E033-1CCB-438E-E3BEFA83EAA0</generatorID>
<ownerDesignName>hvs</ownerDesignName>
<referedAttribute>2B26386E-BA04-7829-71BF-2A88BBF4E159</referedAttribute>
<use>0</use>
<logicalDatatype>LOGDT011</logicalDatatype>
<domain>1ABD8611-D6D5-36BB-E182-2547EEF44B19</domain>
<ownDataTypeParameters>,,</ownDataTypeParameters>
</Attribute>
<Attribute name="TID" id="6C76B067-BD3E-C6AB-B3C2-95918A28D276">
<createdBy>ic</createdBy>
<createdTime>2024-02-27 08:03:45 UTC</createdTime>
<generatorID>537BCF18-862B-16CE-5FED-DC47883FFC68</generatorID>
<ownerDesignName>hvs</ownerDesignName>
<referedAttribute>BA4C7B27-62C3-39D6-F68C-1A908464901C</referedAttribute>
<use>0</use>
<logicalDatatype>LOGDT011</logicalDatatype>
<domain>1ABD8611-D6D5-36BB-E182-2547EEF44B19</domain>
<ownDataTypeParameters>,,</ownDataTypeParameters>
</Attribute>
</attributes>
<identifiers itemClass="oracle.dbtools.crest.model.design.logical.CandidateKey">
<identifier id="4463D487-6F81-8793-74E0-BAF064A0AF81" name="KursBT PK">
<createdBy>ic</createdBy>
<createdTime>2024-02-01 07:20:49 UTC</createdTime>
<ownerDesignName>hvs</ownerDesignName>
<pk>true</pk>
<usedAttributes>
<attributeRef>DC82B2E0-C982-14BD-5569-B104CCC84440</attributeRef>
</usedAttributes>
</identifier>
</identifiers>
</Entity>