<?xml version = '1.0' encoding = 'UTF-8'?>
<Entity class="oracle.dbtools.crest.model.design.logical.Entity" directorySegmentName="seg_0" id="F7EE7CAD-1116-211E-51ED-07CC813A4939" name="Personenrolle">
<createdBy>ic</createdBy>
<createdTime>2024-02-27 07:12:55 UTC</createdTime>
<ownerDesignName>hvs</ownerDesignName>
<engineerTo>
<item key="49106C23-A5B9-8B25-70C5-67B8EBD180CA" value="true"/>
</engineerTo>
<adequatelyNormalized>NO</adequatelyNormalized>
<expectedVolumes>0</expectedVolumes>
<fwdEngineeringStrategyName>Single Table</fwdEngineeringStrategyName>
<growthPercent>0</growthPercent>
<growthType>Year</growthType>
<maxVolumes>9999999</maxVolumes>
<minVolumes>0</minVolumes>
<normalForm>Third</normalForm>
<attributeInherType>All atributes</attributeInherType>
<attributes itemClass="oracle.dbtools.crest.model.design.logical.Attribute">
<Attribute name="PRID" id="2B26386E-BA04-7829-71BF-2A88BBF4E159">
<createdBy>ic</createdBy>
<createdTime>2024-02-27 07:12:55 UTC</createdTime>
<ownerDesignName>hvs</ownerDesignName>
<importedID>27D1D193-5602-68EC-D8AB-DC2138E1CE1E</importedID>
<engineerTo>
<item key="49106C23-A5B9-8B25-70C5-67B8EBD180CA" value="true"/>
</engineerTo>
<use>0</use>
<logicalDatatype>LOGDT011</logicalDatatype>
<domain>1ABD8611-D6D5-36BB-E182-2547EEF44B19</domain>
<ownDataTypeParameters>,,</ownDataTypeParameters>
</Attribute>
<Attribute name="DatumBeginn" id="D071EE3E-83E5-8014-39C3-211CE0C8FCB3">
<createdBy>ic</createdBy>
<createdTime>2024-02-27 07:12:55 UTC</createdTime>
<ownerDesignName>hvs</ownerDesignName>
<importedID>013CBA7A-0B44-45BC-92E9-7F8B892A7D9D</importedID>
<engineerTo>
<item key="49106C23-A5B9-8B25-70C5-67B8EBD180CA" value="true"/>
</engineerTo>
<use>0</use>
<logicalDatatype>LOGDT007</logicalDatatype>
<domain>69958CE0-C8E1-F153-FCF4-77AC4541B7DF</domain>
<ownDataTypeParameters>,,</ownDataTypeParameters>
</Attribute>
<Attribute name="DatumEnde" id="50F56C8F-EC9B-061D-A753-2BE0C2E8DBE6">
<createdBy>ic</createdBy>
<createdTime>2024-02-27 07:12:55 UTC</createdTime>
<ownerDesignName>hvs</ownerDesignName>
<importedID>0B3E70DC-1226-49B5-05D7-61D4738D9D7B</importedID>
<engineerTo>
<item key="49106C23-A5B9-8B25-70C5-67B8EBD180CA" value="true"/>
</engineerTo>
<nullsAllowed>true</nullsAllowed>
<use>0</use>
<logicalDatatype>LOGDT007</logicalDatatype>
<domain>69958CE0-C8E1-F153-FCF4-77AC4541B7DF</domain>
<ownDataTypeParameters>,,</ownDataTypeParameters>
</Attribute>
<Attribute name="PID" id="2B9F5EF5-D321-00E7-79CE-4EC02CCA2508">
<createdBy>ic</createdBy>
<createdTime>2024-02-27 07:12:55 UTC</createdTime>
<generatorID>1A8D3464-D65F-CC48-1CD3-F8996001326D</generatorID>
<ownerDesignName>hvs</ownerDesignName>
<importedID>229B7735-DFE9-B3BA-410E-A198F9901392</importedID>
<engineerTo>
<item key="49106C23-A5B9-8B25-70C5-67B8EBD180CA" value="true"/>
</engineerTo>
<referedAttribute>43322E7A-F0C3-9E27-8BAE-F1308A5067B3</referedAttribute>
<use>0</use>
<logicalDatatype>LOGDT011</logicalDatatype>
<domain>1ABD8611-D6D5-36BB-E182-2547EEF44B19</domain>
<ownDataTypeParameters>,,</ownDataTypeParameters>
</Attribute>
<Attribute name="RID" id="10401CB5-99C7-EA6D-6272-EAC6D818B311">
<createdBy>ic</createdBy>
<createdTime>2024-02-27 07:12:55 UTC</createdTime>
<generatorID>E95DC967-CCD0-FA4F-74B0-8FC82EB29C80</generatorID>
<ownerDesignName>hvs</ownerDesignName>
<importedID>4D27A811-93C9-F7F7-4E5A-0BC0FA5B1DB6</importedID>
<engineerTo>
<item key="49106C23-A5B9-8B25-70C5-67B8EBD180CA" value="true"/>
</engineerTo>
<referedAttribute>45DFA3F5-6A31-DE10-4041-B1A5DA347F6B</referedAttribute>
<use>0</use>
<logicalDatatype>LOGDT011</logicalDatatype>
<domain>1ABD8611-D6D5-36BB-E182-2547EEF44B19</domain>
<ownDataTypeParameters>,,</ownDataTypeParameters>
</Attribute>
</attributes>
<identifiers itemClass="oracle.dbtools.crest.model.design.logical.CandidateKey">
<identifier id="EB8517E4-DE9B-C844-F9B0-6AB7AAEB0A45" name="Personenrolle PK">
<createdBy>ic</createdBy>
<createdTime>2024-02-27 07:12:55 UTC</createdTime>
<ownerDesignName>hvs</ownerDesignName>
<shouldEngineer>false</shouldEngineer>
<engineerTo>
<item key="49106C23-A5B9-8B25-70C5-67B8EBD180CA" value="false"/>
</engineerTo>
<pk>true</pk>
<usedAttributes>
<attributeRef>2B26386E-BA04-7829-71BF-2A88BBF4E159</attributeRef>
</usedAttributes>
</identifier>
</identifiers>
</Entity>