<?xml version = '1.0' encoding = 'UTF-8'?>
<Relation class="oracle.dbtools.crest.model.design.logical.Relation" name="Relation_25" directorySegmentName="seg_0" id="0831EA37-BFA1-7A21-9785-0F05C1C6E5FF">
<createdBy>ic</createdBy>
<createdTime>2024-05-07 06:45:13 UTC</createdTime>
<ownerDesignName>hvs</ownerDesignName>
<identifying>false</identifying>
<optionalSource>true</optionalSource>
<optionalTarget>true</optionalTarget>
<sourceCardinality>*</sourceCardinality>
<sourceEntity>F10EBB5E-0517-4D2B-BFC5-0537BFE647BF</sourceEntity>
<targetCardinalityString>*</targetCardinalityString>
<targetEntity>FE55E892-B0C5-30FD-C7C2-E1A15662003A</targetEntity>
<transferable>true</transferable>
<deleteRule>NO ACTION</deleteRule>
</Relation>