<?xml version = '1.0' encoding = 'UTF-8'?>
<Relation class="oracle.dbtools.crest.model.design.logical.Relation" name="Relation_1v1" directorySegmentName="seg_0" id="1A8D3464-D65F-CC48-1CD3-F8996001326D">
<createdBy>ic</createdBy>
<createdTime>2024-02-27 07:12:55 UTC</createdTime>
<ownerDesignName>hvs</ownerDesignName>
<engineerTo>
<item key="7C68DAC7-5118-C451-A71F-6EDA159133D4" value="true"/>
<item key="8E971615-A5DD-D172-AF00-21E3A2CFA719" value="true"/>
</engineerTo>
<sourcePk>B55C7ACC-23C2-CD6A-CF8C-63AA7CBF38C7</sourcePk>
<identifying>false</identifying>
<optionalSource>true</optionalSource>
<optionalTarget>false</optionalTarget>
<sourceCardinality>1</sourceCardinality>
<sourceEntity>DFC023B0-961A-3147-0025-695362D927A2</sourceEntity>
<targetCardinalityString>*</targetCardinalityString>
<targetEntity>F7EE7CAD-1116-211E-51ED-07CC813A4939</targetEntity>
<transferable>true</transferable>
<deleteRule>NO ACTION</deleteRule>
</Relation>