<?xml version = '1.0' encoding = 'UTF-8'?>
<Relation class="oracle.dbtools.crest.model.design.logical.Relation" name="Relation_21" directorySegmentName="seg_0" id="537BCF18-862B-16CE-5FED-DC47883FFC68">
<createdBy>ic</createdBy>
<createdTime>2024-02-27 08:03:45 UTC</createdTime>
<ownerDesignName>hvs</ownerDesignName>
<engineerTo>
<item key="49106C23-A5B9-8B25-70C5-67B8EBD180CA" value="true"/>
</engineerTo>
<sourcePk>2928D7D3-8DBA-1C5A-A3CD-6DB4C92F48BB</sourcePk>
<identifying>false</identifying>
<optionalSource>true</optionalSource>
<optionalTarget>false</optionalTarget>
<sourceCardinality>1</sourceCardinality>
<sourceEntity>3E8D1C87-7669-1E83-A6B5-0C8FAF169DD9</sourceEntity>
<targetCardinalityString>*</targetCardinalityString>
<targetEntity>F10EBB5E-0517-4D2B-BFC5-0537BFE647BF</targetEntity>
<transferable>true</transferable>
<deleteRule>NO ACTION</deleteRule>
</Relation>