<?xml version = '1.0' encoding = 'UTF-8'?>
<Relation class="oracle.dbtools.crest.model.design.logical.Relation" name="Relation_5" directorySegmentName="seg_0" id="5B6F4235-FA7E-B4DD-E25B-9EBFCCD2C02A">
<createdBy>ic</createdBy>
<createdTime>2024-02-01 07:29:02 UTC</createdTime>
<ownerDesignName>hvs</ownerDesignName>
<engineerTo>
<item key="7C68DAC7-5118-C451-A71F-6EDA159133D4" value="true"/>
<item key="8E971615-A5DD-D172-AF00-21E3A2CFA719" value="true"/>
</engineerTo>
<sourcePk>A7B1C64B-7F40-FFB8-BF6F-DF9D861E4263</sourcePk>
<identifying>false</identifying>
<optionalSource>true</optionalSource>
<optionalTarget>false</optionalTarget>
<sourceCardinality>1</sourceCardinality>
<sourceEntity>7CA31EBA-4785-7028-7DBE-A01A4C5A39C1</sourceEntity>
<targetCardinalityString>*</targetCardinalityString>
<targetEntity>AD142AC5-7225-669B-03B0-D10E1C24AC08</targetEntity>
<transferable>true</transferable>
<deleteRule>NO ACTION</deleteRule>
</Relation>