<?xml version = '1.0' encoding = 'UTF-8'?>
<Relation class="oracle.dbtools.crest.model.design.logical.Relation" name="Relation_3" directorySegmentName="seg_0" id="5D1CCEE4-F843-D6F5-9605-C577E8944E2B">
<createdBy>ic</createdBy>
<createdTime>2024-02-01 07:28:12 UTC</createdTime>
<ownerDesignName>hvs</ownerDesignName>
<engineerTo>
<item key="7C68DAC7-5118-C451-A71F-6EDA159133D4" value="true"/>
<item key="8E971615-A5DD-D172-AF00-21E3A2CFA719" value="true"/>
</engineerTo>
<sourcePk>B76C0190-BA64-E6C4-FC74-34B133A5DDFF</sourcePk>
<identifying>false</identifying>
<optionalSource>true</optionalSource>
<optionalTarget>false</optionalTarget>
<sourceCardinality>1</sourceCardinality>
<sourceEntity>E1D917E2-45FF-3588-E184-BA9C7C2A78BA</sourceEntity>
<targetCardinalityString>*</targetCardinalityString>
<targetEntity>EC940A7E-D499-057A-F235-2D1AC002C6D6</targetEntity>
<transferable>true</transferable>
<deleteRule>NO ACTION</deleteRule>
</Relation>