<?xml version = '1.0' encoding = 'UTF-8'?>
<Relation class="oracle.dbtools.crest.model.design.logical.Relation" name="Relation_13" directorySegmentName="seg_0" id="7C12FF95-0C89-FA4C-F6EC-C5111C30BEB7">
<createdBy>ic</createdBy>
<createdTime>2024-02-02 08:38:20 UTC</createdTime>
<ownerDesignName>hvs</ownerDesignName>
<engineerTo>
<item key="7C68DAC7-5118-C451-A71F-6EDA159133D4" value="true"/>
<item key="8E971615-A5DD-D172-AF00-21E3A2CFA719" value="true"/>
</engineerTo>
<sourcePk>FA07F512-8AE1-A726-3DBA-F8688ADCE141</sourcePk>
<identifying>false</identifying>
<optionalSource>true</optionalSource>
<optionalTarget>false</optionalTarget>
<sourceCardinality>1</sourceCardinality>
<sourceEntity>757389EE-8B10-A87A-3BDC-EE1B480DC388</sourceEntity>
<targetCardinalityString>*</targetCardinalityString>
<targetEntity>E1D917E2-45FF-3588-E184-BA9C7C2A78BA</targetEntity>
<transferable>true</transferable>
<deleteRule>NO ACTION</deleteRule>
</Relation>