<?xml version = '1.0' encoding = 'UTF-8'?>
<Relation class="oracle.dbtools.crest.model.design.logical.Relation" name="Relation_17" directorySegmentName="seg_0" id="86FA82E3-E033-1CCB-438E-E3BEFA83EAA0">
<createdBy>ic</createdBy>
<createdTime>2024-02-27 07:14:19 UTC</createdTime>
<ownerDesignName>hvs</ownerDesignName>
<engineerTo>
<item key="7C68DAC7-5118-C451-A71F-6EDA159133D4" value="true"/>
<item key="8E971615-A5DD-D172-AF00-21E3A2CFA719" value="true"/>
</engineerTo>
<sourcePk>EB8517E4-DE9B-C844-F9B0-6AB7AAEB0A45</sourcePk>
<identifying>false</identifying>
<optionalSource>true</optionalSource>
<optionalTarget>false</optionalTarget>
<sourceCardinality>1</sourceCardinality>
<sourceEntity>61F59261-A130-6FCE-90C8-EDFB0D682092</sourceEntity>
<targetCardinalityString>*</targetCardinalityString>
<targetEntity>F10EBB5E-0517-4D2B-BFC5-0537BFE647BF</targetEntity>
<transferable>true</transferable>
<deleteRule>NO ACTION</deleteRule>
</Relation>