<?xml version = '1.0' encoding = 'UTF-8'?>
<Relation class="oracle.dbtools.crest.model.design.logical.Relation" name="Relation_20" directorySegmentName="seg_0" id="B19BF950-151C-1B40-34DF-11146454275B">
<createdBy>ic</createdBy>
<createdTime>2024-02-27 08:03:07 UTC</createdTime>
<ownerDesignName>hvs</ownerDesignName>
<engineerTo>
<item key="49106C23-A5B9-8B25-70C5-67B8EBD180CA" value="true"/>
</engineerTo>
<sourcePk>CE49D20F-EC8D-786D-8E97-1FC4D0EFB4EA</sourcePk>
<identifying>false</identifying>
<optionalSource>true</optionalSource>
<optionalTarget>false</optionalTarget>
<sourceCardinality>1</sourceCardinality>
<sourceEntity>9DA26A61-B771-EC9D-223D-9BBA0E22B707</sourceEntity>
<targetCardinalityString>*</targetCardinalityString>
<targetEntity>AD58BD11-2222-26D9-C6F5-F99C5A5A3207</targetEntity>
<transferable>true</transferable>
<deleteRule>NO ACTION</deleteRule>
</Relation>