<?xml version = '1.0' encoding = 'UTF-8'?>
<Relation class="oracle.dbtools.crest.model.design.logical.Relation" name="Relation_1" directorySegmentName="seg_0" id="B7D144C6-3088-1182-5FBE-B40DCF8E8770">
<createdBy>ic</createdBy>
<createdTime>2024-02-01 07:15:55 UTC</createdTime>
<ownerDesignName>hvs</ownerDesignName>
<engineerTo>
<item key="7C68DAC7-5118-C451-A71F-6EDA159133D4" value="true"/>
<item key="8E971615-A5DD-D172-AF00-21E3A2CFA719" value="true"/>
</engineerTo>
<sourcePk>B76C0190-BA64-E6C4-FC74-34B133A5DDFF</sourcePk>
<identifying>false</identifying>
<optionalSource>true</optionalSource>
<optionalTarget>false</optionalTarget>
<sourceCardinality>1</sourceCardinality>
<sourceEntity>E1D917E2-45FF-3588-E184-BA9C7C2A78BA</sourceEntity>
<targetCardinalityString>*</targetCardinalityString>
<targetEntity>AD142AC5-7225-669B-03B0-D10E1C24AC08</targetEntity>
<transferable>true</transferable>
<deleteRule>NO ACTION</deleteRule>
</Relation>