<?xml version = '1.0' encoding = 'UTF-8'?>
<Relation class="oracle.dbtools.crest.model.design.logical.Relation" name="Relation_22" directorySegmentName="seg_0" id="0CC70DC3-6DBE-CE9B-3AAA-8A19CB44FF18">
<createdBy>ic</createdBy>
<createdTime>2024-02-27 08:08:44 UTC</createdTime>
<ownerDesignName>hvs</ownerDesignName>
<engineerTo>
<item key="49106C23-A5B9-8B25-70C5-67B8EBD180CA" value="true"/>
</engineerTo>
<sourcePk>7D6DBB5F-26D9-570C-8CBC-B0ED9B5E16B3</sourcePk>
<identifying>false</identifying>
<optionalSource>true</optionalSource>
<optionalTarget>false</optionalTarget>
<sourceCardinality>1</sourceCardinality>
<sourceEntity>356F0A25-129E-2F26-BA87-A2EB1D71316B</sourceEntity>
<targetCardinalityString>*</targetCardinalityString>
<targetEntity>3E8D1C87-7669-1E83-A6B5-0C8FAF169DD9</targetEntity>
<transferable>true</transferable>
<deleteRule>NO ACTION</deleteRule>
</Relation>