<?xml version = '1.0' encoding = 'UTF-8'?>
<Relation class="oracle.dbtools.crest.model.design.logical.Relation" name="Relation_8" directorySegmentName="seg_0" id="7B543EE3-0375-1DA8-98D8-7CD386A8EE61">
<createdBy>ic</createdBy>
<createdTime>2024-02-01 07:47:04 UTC</createdTime>
<ownerDesignName>hvs</ownerDesignName>
<engineerTo>
<item key="7C68DAC7-5118-C451-A71F-6EDA159133D4" value="true"/>
<item key="8E971615-A5DD-D172-AF00-21E3A2CFA719" value="true"/>
</engineerTo>
<sourcePk>0F055E9D-B93C-E9C0-D73B-E5C88BF725EE</sourcePk>
<identifying>false</identifying>
<optionalSource>true</optionalSource>
<optionalTarget>false</optionalTarget>
<sourceCardinality>1</sourceCardinality>
<sourceEntity>5941F6F4-5473-B67E-39AD-5CFCA47276D9</sourceEntity>
<targetCardinalityString>*</targetCardinalityString>
<targetEntity>F10EBB5E-0517-4D2B-BFC5-0537BFE647BF</targetEntity>
<transferable>true</transferable>
<deleteRule>NO ACTION</deleteRule>
</Relation>