<?xml version = '1.0' encoding = 'UTF-8'?>
<Relation class="oracle.dbtools.crest.model.design.logical.Relation" name="Relation_2" directorySegmentName="seg_0" id="97B6070B-D9E2-5B6C-D494-ACD6C2B82BA5">
<createdBy>ic</createdBy>
<createdTime>2024-02-01 07:28:03 UTC</createdTime>
<ownerDesignName>hvs</ownerDesignName>
<engineerTo>
<item key="7C68DAC7-5118-C451-A71F-6EDA159133D4" value="true"/>
<item key="8E971615-A5DD-D172-AF00-21E3A2CFA719" value="true"/>
</engineerTo>
<sourcePk>DC5E903F-747D-DE9E-B062-191AF128E732</sourcePk>
<identifying>false</identifying>
<optionalSource>true</optionalSource>
<optionalTarget>false</optionalTarget>
<sourceCardinality>1</sourceCardinality>
<sourceEntity>AD142AC5-7225-669B-03B0-D10E1C24AC08</sourceEntity>
<targetCardinalityString>*</targetCardinalityString>
<targetEntity>F10EBB5E-0517-4D2B-BFC5-0537BFE647BF</targetEntity>
<transferable>true</transferable>
<deleteRule>NO ACTION</deleteRule>
</Relation>