<?xml version = '1.0' encoding = 'UTF-8'?>
<Relation class="oracle.dbtools.crest.model.design.logical.Relation" name="Relation_18" directorySegmentName="seg_0" id="B1389AFA-0AEA-D5E9-8819-32613938DC07">
<createdBy>ic</createdBy>
<createdTime>2024-02-27 07:25:47 UTC</createdTime>
<ownerDesignName>hvs</ownerDesignName>
<engineerTo>
<item key="49106C23-A5B9-8B25-70C5-67B8EBD180CA" value="true"/>
</engineerTo>
<sourcePk>E06CE559-9758-1664-E54F-4AB814E20C8B</sourcePk>
<identifying>false</identifying>
<optionalSource>true</optionalSource>
<optionalTarget>false</optionalTarget>
<sourceCardinality>1</sourceCardinality>
<sourceEntity>1ED711DC-46AC-F7B7-323C-EAB84F43BA66</sourceEntity>
<targetCardinalityString>*</targetCardinalityString>
<targetEntity>EC940A7E-D499-057A-F235-2D1AC002C6D6</targetEntity>
<transferable>true</transferable>
<deleteRule>NO ACTION</deleteRule>
</Relation>