<?xml version = '1.0' encoding = 'UTF-8'?>
<Relation class="oracle.dbtools.crest.model.design.logical.Relation" name="Relation_19" directorySegmentName="seg_0" id="BE90BE14-B263-E961-D111-F29022E2F25A">
<createdBy>ic</createdBy>
<createdTime>2024-02-27 08:02:59 UTC</createdTime>
<ownerDesignName>hvs</ownerDesignName>
<engineerTo>
<item key="49106C23-A5B9-8B25-70C5-67B8EBD180CA" value="true"/>
</engineerTo>
<sourcePk>56EBF648-CB17-9436-2814-7B182C681A8B</sourcePk>
<identifying>false</identifying>
<optionalSource>true</optionalSource>
<optionalTarget>false</optionalTarget>
<sourceCardinality>1</sourceCardinality>
<sourceEntity>CCA04A96-FD2F-8228-6903-1A3B07E855F7</sourceEntity>
<targetCardinalityString>*</targetCardinalityString>
<targetEntity>AD58BD11-2222-26D9-C6F5-F99C5A5A3207</targetEntity>
<transferable>true</transferable>
<deleteRule>NO ACTION</deleteRule>
</Relation>