<?xml version = '1.0' encoding = 'UTF-8'?>
<Relation class="oracle.dbtools.crest.model.design.logical.Relation" name="Relation_4" directorySegmentName="seg_0" id="C4B455D3-3037-8F45-C44E-466FCA102193">
<createdBy>ic</createdBy>
<createdTime>2024-02-01 07:28:24 UTC</createdTime>
<ownerDesignName>hvs</ownerDesignName>
<engineerTo>
<item key="7C68DAC7-5118-C451-A71F-6EDA159133D4" value="true"/>
<item key="8E971615-A5DD-D172-AF00-21E3A2CFA719" value="true"/>
</engineerTo>
<sourcePk>63948D3F-B731-53B2-5A61-E0D355454F17</sourcePk>
<identifying>false</identifying>
<optionalSource>true</optionalSource>
<optionalTarget>false</optionalTarget>
<sourceCardinality>1</sourceCardinality>
<sourceEntity>EC940A7E-D499-057A-F235-2D1AC002C6D6</sourceEntity>
<targetCardinalityString>*</targetCardinalityString>
<targetEntity>F10EBB5E-0517-4D2B-BFC5-0537BFE647BF</targetEntity>
<transferable>true</transferable>
<deleteRule>NO ACTION</deleteRule>
</Relation>