<?xml version = '1.0' encoding = 'UTF-8'?>
<Relation class="oracle.dbtools.crest.model.design.logical.Relation" name="Relation_2v1" directorySegmentName="seg_0" id="E95DC967-CCD0-FA4F-74B0-8FC82EB29C80">
<createdBy>ic</createdBy>
<createdTime>2024-02-27 07:12:55 UTC</createdTime>
<ownerDesignName>hvs</ownerDesignName>
<engineerTo>
<item key="7C68DAC7-5118-C451-A71F-6EDA159133D4" value="true"/>
<item key="8E971615-A5DD-D172-AF00-21E3A2CFA719" value="true"/>
</engineerTo>
<sourcePk>F70290A2-C1B5-1A01-D4F8-143D29CB3914</sourcePk>
<identifying>false</identifying>
<optionalSource>true</optionalSource>
<optionalTarget>false</optionalTarget>
<sourceCardinality>1</sourceCardinality>
<sourceEntity>FFA71523-4AD2-37A2-C3B2-6FBF1A62EACA</sourceEntity>
<targetCardinalityString>*</targetCardinalityString>
<targetEntity>F7EE7CAD-1116-211E-51ED-07CC813A4939</targetEntity>
<transferable>true</transferable>
<deleteRule>NO ACTION</deleteRule>
</Relation>